ftp.mozilla.org/pub/mozilla.org/firefox/nightly/2009/02/2009-02-20-03-mozilla-1.9.1/firefox-3.1b3pre.en-US.linux-i686.tar.bz2,20090220031547,1.9.1b3pre,e36b32238767,mozilla-1.9.1
ftp.mozilla.org/pub/mozilla.org/firefox/nightly/2009/03/2009-03-08-04-mozilla1.8/firefox-2.0.0.22pre.en-US.linux-i686.tar.gz,20090330031753,1.9.1b4pre,cad700a6b3c3,mozilla-1.9.1
ftp.mozilla.org/pub/mozilla.org/firefox/nightly/2009/03/2009-03-30-03-mozilla-1.9.1/firefox-3.5b4pre.en-US.linux-i686.tar.bz2,20090330031753,1.9.1b4pre,cad700a6b3c3,mozilla-1.9.1
ftp.mozilla.org/pub/mozilla.org/firefox/nightly/2009/05/2009-05-01-03-mozilla-1.9.1/firefox-3.5b5pre.en-US.linux-i686.tar.bz2,20090501031202,1.9.1b5pre,f7450eab80a2,mozilla-1.9.1
ftp.mozilla.org/pub/mozilla.org/firefox/nightly/2009/05/2009-05-08-03-mozilla-1.9.1/firefox-3.5b5pre.en-US.linux-i686.tar.bz2,20090508031014,1.9.1b5pre,2e8b0eef6147,mozilla-1.9.1
ftp.mozilla.org/pub/mozilla.org/firefox/nightly/2009/07/2009-07-30-03-mozilla-1.9.1/firefox-3.5.3pre.en-US.linux-i686.tar.bz2,20090730030948,1.9.1.3pre,11c8d9d05e2e,mozilla-1.9.1
ftp.mozilla.org/pub/mozilla.org/firefox/nightly/2009/08/2009-08-04-03-mozilla-1.9.1/firefox-3.5.3pre.en-US.linux-i686.tar.bz2,20090804032204,1.9.1.3pre,0cd4042314d4,mozilla-1.9.1
ftp.mozilla.org/pub/mozilla.org/firefox/nightly/2009/09/2009-09-03-03-mozilla-1.9.1/firefox-3.5.4pre.en-US.linux-i686.tar.bz2,20090903030644,1.9.1.4pre,ac59325cf0a9,mozilla-1.9.1
ftp.mozilla.org/pub/mozilla.org/firefox/nightly/2009/09/2009-09-09-03-mozilla-1.9.1/firefox-3.5.4pre.en-US.linux-i686.tar.bz2,20090909031058,1.9.1.4pre,dd9b10ed7eeb,mozilla-1.9.1
ftp.mozilla.org/pub/mozilla.org/firefox/nightly/2009/11/2009-11-03-03-mozilla-1.9.1/firefox-3.5.6pre.en-US.linux-i686.tar.bz2,20091103031007,1.9.1.6pre,c4c7d2498e2e,mozilla-1.9.1
ftp.mozilla.org/pub/mozilla.org/firefox/nightly/2009/12/2009-12-09-03-mozilla-1.9.1/firefox-3.5.7pre.en-US.linux-i686.tar.bz2,20091209031030,1.9.1.7pre,e2e5b13d483c,mozilla-1.9.1
ftp.mozilla.org/pub/mozilla.org/firefox/nightly/2009/12/2009-12-22-03-mozilla-1.9.1/firefox-3.5.8pre.en-US.linux-i686.tar.bz2,20091222030936,1.9.1.8pre,ab7aa62cd3df,mozilla-1.9.1
ftp.mozilla.org/pub/mozilla.org/firefox/nightly/2010/01/2010-01-16-03-mozilla-1.9.1/firefox-3.5.8pre.en-US.linux-i686.tar.bz2,20100116030928,1.9.1.8pre,3df3902b5f3f,mozilla-1.9.1
ftp.mozilla.org/pub/mozilla.org/firefox/nightly/2010/03/2010-03-20-03-mozilla-1.9.1/firefox-3.5.10pre.en-US.linux-i686.tar.bz2,20100320030503,1.9.1.10pre,4a19f1338175,mozilla-1.9.1
ftp.mozilla.org/pub/mozilla.org/firefox/nightly/2010/05/2010-05-11-02-mozilla-1.9.1/firefox-3.5.11pre.en-US.linux-i686.tar.bz2,20100511025957,1.9.1.11pre,c169f5c0ee40,mozilla-1.9.1
ftp.mozilla.org/pub/mozilla.org/firefox/nightly/2010/06/2010-06-18-02-mozilla-1.9.1/firefox-3.5.11pre.en-US.linux-i686.tar.bz2,20100618025930,1.9.1.11pre,bc5ae6a0542e,mozilla-1.9.1
ftp.mozilla.org/pub/mozilla.org/firefox/nightly/2010/07/2010-07-17-03-mozilla-1.9.1/firefox-3.5.12pre.en-US.linux-i686.tar.bz2,20100717030026,1.9.1.12pre,2eb0724d74f8,mozilla-1.9.1
ftp.mozilla.org/pub/mozilla.org/firefox/nightly/2010/08/2010-08-22-03-mozilla-1.9.1/firefox-3.5.12pre.en-US.linux-i686.tar.bz2,20100822030945,1.9.1.12pre,9bf43fa8f722,mozilla-1.9.1
ftp.mozilla.org/pub/mozilla.org/firefox/nightly/2010/09/2010-09-16-02-mozilla-1.9.1/firefox-3.5.14pre.en-US.linux-i686.tar.bz2,20100916025710,1.9.1.14pre,71ac72d2e5b2,mozilla-1.9.1
ftp.mozilla.org/pub/mozilla.org/firefox/nightly/2010/12/2010-12-16-03-mozilla-1.9.1/firefox-3.5.17pre.en-US.linux-i686.tar.bz2,20101216030345,1.9.1.17pre,42df09ddc380,mozilla-1.9.1
ftp.mozilla.org/pub/mozilla.org/firefox/nightly/2010/12/2010-12-22-03-mozilla-1.9.1/firefox-3.5.17pre.en-US.linux-i686.tar.bz2,20101222030218,1.9.1.17pre,612ff691af63,mozilla-1.9.1
ftp.mozilla.org/pub/mozilla.org/firefox/nightly/2009/04/2009-04-15-04-mozilla1.8/firefox-2.0.0.22pre.en-US.linux-i686.tar.gz,20090908033644,1.9.2a2pre,589ffb95f90a,mozilla-1.9.2
ftp.mozilla.org/pub/mozilla.org/firefox/nightly/2009/08/2009-08-13-10-mozilla-1.9.2/firefox-3.6a2pre.en-US.linux-i686.tar.bz2,20090813103654,1.9.2a2pre,c7d1cd3d77a7,mozilla-1.9.2
ftp.mozilla.org/pub/mozilla.org/firefox/nightly/2009/08/2009-08-14-03-mozilla-1.9.2/firefox-3.6a2pre.en-US.linux-i686.tar.bz2,20090814032319,1.9.2a2pre,94ac2bb6335a,mozilla-1.9.2
ftp.mozilla.org/pub/mozilla.org/firefox/nightly/2009/08/2009-08-14-08-mozilla-1.9.2/firefox-3.6a2pre.en-US.linux-i686.tar.bz2,20090814083714,1.9.2a2pre,41615c2bda16,mozilla-1.9.2
ftp.mozilla.org/pub/mozilla.org/firefox/nightly/2009/08/2009-08-15-03-mozilla-1.9.2/firefox-3.6a2pre.en-US.linux-i686.tar.bz2,20090815032311,1.9.2a2pre,1bf16951d1be,mozilla-1.9.2
ftp.mozilla.org/pub/mozilla.org/firefox/nightly/2009/08/2009-08-16-03-mozilla-1.9.2/firefox-3.6a2pre.en-US.linux-i686.tar.bz2,20090816032215,1.9.2a2pre,1bf16951d1be,mozilla-1.9.2
ftp.mozilla.org/pub/mozilla.org/firefox/nightly/2009/08/2009-08-17-03-mozilla-1.9.2/firefox-3.6a2pre.en-US.linux-i686.tar.bz2,20090817031745,1.9.2a2pre,1bf16951d1be,mozilla-1.9.2
ftp.mozilla.org/pub/mozilla.org/firefox/nightly/2009/08/2009-08-18-03-mozilla-1.9.2/firefox-3.6a2pre.en-US.linux-i686.tar.bz2,20090818035127,1.9.2a2pre,0107d240e10e,mozilla-1.9.2
ftp.mozilla.org/pub/mozilla.org/firefox/nightly/2009/08/2009-08-19-05-mozilla-1.9.2/firefox-3.6a2pre.en-US.linux-i686.tar.bz2,20090819052256,1.9.2a2pre,0f99e4fda7d5,mozilla-1.9.2
ftp.mozilla.org/pub/mozilla.org/firefox/nightly/2009/08/2009-08-20-03-mozilla-1.9.2/firefox-3.6a2pre.en-US.linux-i686.tar.bz2,20090820033742,1.9.2a2pre,b660ab28fc27,mozilla-1.9.2
ftp.mozilla.org/pub/mozilla.org/firefox/nightly/2009/08/2009-08-21-03-mozilla-1.9.2/firefox-3.6a2pre.en-US.linux-i686.tar.bz2,20090821033546,1.9.2a2pre,9f85cb45eeca,mozilla-1.9.2
ftp.mozilla.org/pub/mozilla.org/firefox/nightly/2009/08/2009-08-22-03-mozilla-1.9.2/firefox-3.6a2pre.en-US.linux-i686.tar.bz2,20090822033725,1.9.2a2pre,4a3634e8f843,mozilla-1.9.2
ftp.mozilla.org/pub/mozilla.org/firefox/nightly/2009/08/2009-08-23-03-mozilla-1.9.2/firefox-3.6a2pre.en-US.linux-i686.tar.bz2,20090823034004,1.9.2a2pre,4a3634e8f843,mozilla-1.9.2
ftp.mozilla.org/pub/mozilla.org/firefox/nightly/2009/08/2009-08-24-04-mozilla-1.9.2/firefox-3.6a2pre.en-US.linux-i686.tar.bz2,20090824042432,1.9.2a2pre,ae53e63f3826,mozilla-1.9.2
ftp.mozilla.org/pub/mozilla.org/firefox/nightly/2009/08/2009-08-25-03-mozilla-1.9.2/firefox-3.6a2pre.en-US.linux-i686.tar.bz2,20090825033626,1.9.2a2pre,bdff22f5e177,mozilla-1.9.2
ftp.mozilla.org/pub/mozilla.org/firefox/nightly/2009/08/2009-08-26-03-mozilla-1.9.2/firefox-3.6a2pre.en-US.linux-i686.tar.bz2,20090826033902,1.9.2a2pre,4bcf06d8ce71,mozilla-1.9.2
ftp.mozilla.org/pub/mozilla.org/firefox/nightly/2009/08/2009-08-27-03-mozilla-1.9.2/firefox-3.6a2pre.en-US.linux-i686.tar.bz2,20090827034114,1.9.2a2pre,e4d5bb4de0b4,mozilla-1.9.2
ftp.mozilla.org/pub/mozilla.org/firefox/nightly/2009/08/2009-08-28-03-mozilla-1.9.2/firefox-3.6a2pre.en-US.linux-i686.tar.bz2,20090828033633,1.9.2a2pre,dab4c1a30db9,mozilla-1.9.2
ftp.mozilla.org/pub/mozilla.org/firefox/nightly/2009/08/2009-08-29-03-mozilla-1.9.2/firefox-3.6a2pre.en-US.linux-i686.tar.bz2,20090829033633,1.9.2a2pre,8227c178816b,mozilla-1.9.2
ftp.mozilla.org/pub/mozilla.org/firefox/nightly/2009/08/2009-08-30-03-mozilla-1.9.2/firefox-3.6a2pre.en-US.linux-i686.tar.bz2,20090830033749,1.9.2a2pre,8227c178816b,mozilla-1.9.2
ftp.mozilla.org/pub/mozilla.org/firefox/nightly/2009/08/2009-08-31-03-mozilla-1.9.2/firefox-3.6a2pre.en-US.linux-i686.tar.bz2,20090831034906,1.9.2a2pre,ee3bcae652e9,mozilla-1.9.2
ftp.mozilla.org/pub/mozilla.org/firefox/nightly/2009/09/2009-09-01-03-mozilla-1.9.2/firefox-3.6a2pre.en-US.linux-i686.tar.bz2,20090901033909,1.9.2a2pre,d37939b149f0,mozilla-1.9.2
ftp.mozilla.org/pub/mozilla.org/firefox/nightly/2009/09/2009-09-02-04-mozilla-1.9.2/firefox-3.6a2pre.en-US.linux-i686.tar.bz2,20090902040135,1.9.2a2pre,687d80c819bf,mozilla-1.9.2
ftp.mozilla.org/pub/mozilla.org/firefox/nightly/2009/09/2009-09-03-03-mozilla-1.9.2/firefox-3.6a2pre.en-US.linux-i686.tar.bz2,20090903034910,1.9.2a2pre,fffff571cfb0,mozilla-1.9.2
ftp.mozilla.org/pub/mozilla.org/firefox/nightly/2009/09/2009-09-04-03-mozilla-1.9.2/firefox-3.6a2pre.en-US.linux-i686.tar.bz2,20090904033851,1.9.2a2pre,dbd6f214769b,mozilla-1.9.2
ftp.mozilla.org/pub/mozilla.org/firefox/nightly/2009/09/2009-09-05-03-mozilla-1.9.2/firefox-3.6a2pre.en-US.linux-i686.tar.bz2,20090905033918,1.9.2a2pre,4114e5200fbb,mozilla-1.9.2
ftp.mozilla.org/pub/mozilla.org/firefox/nightly/2009/09/2009-09-06-03-mozilla-1.9.2/firefox-3.6a2pre.en-US.linux-i686.tar.bz2,20090906033813,1.9.2a2pre,334ce688fe87,mozilla-1.9.2
ftp.mozilla.org/pub/mozilla.org/firefox/nightly/2009/09/2009-09-07-03-mozilla-1.9.2/firefox-3.6a2pre.en-US.linux-i686.tar.bz2,20090907035218,1.9.2a2pre,155c850ccb9d,mozilla-1.9.2
ftp.mozilla.org/pub/mozilla.org/firefox/nightly/2009/09/2009-09-08-03-mozilla-1.9.2/firefox-3.6a2pre.en-US.linux-i686.tar.bz2,20090908033644,1.9.2a2pre,589ffb95f90a,mozilla-1.9.2
ftp.mozilla.org/pub/mozilla.org/firefox/nightly/2009/09/2009-09-09-03-mozilla-1.9.2/firefox-3.6a2pre.en-US.linux-i686.tar.bz2,20090909033859,1.9.2a2pre,6de448deb955,mozilla-1.9.2
ftp.mozilla.org/pub/mozilla.org/firefox/nightly/2009/09/2009-09-10-03-mozilla-1.9.2/firefox-3.6a2pre.en-US.linux-i686.tar.bz2,20090910033653,1.9.2a2pre,d0d0838b4b67,mozilla-1.9.2
ftp.mozilla.org/pub/mozilla.org/firefox/nightly/2009/09/2009-09-11-03-mozilla-1.9.2/firefox-3.6a2pre.en-US.linux-i686.tar.bz2,20090911034251,1.9.2a2pre,523ca9b9773d,mozilla-1.9.2
ftp.mozilla.org/pub/mozilla.org/firefox/nightly/2009/09/2009-09-12-03-mozilla-1.9.2/firefox-3.6a2pre.en-US.linux-i686.tar.bz2,20090912033634,1.9.2a2pre,3b1b11642a45,mozilla-1.9.2
ftp.mozilla.org/pub/mozilla.org/firefox/nightly/2009/09/2009-09-13-03-mozilla-1.9.2/firefox-3.6a2pre.en-US.linux-i686.tar.bz2,20090913033704,1.9.2a2pre,01b63f8158a0,mozilla-1.9.2
ftp.mozilla.org/pub/mozilla.org/firefox/nightly/2009/09/2009-09-14-03-mozilla-1.9.2/firefox-3.6a2pre.en-US.linux-i686.tar.bz2,20090914035557,1.9.2a2pre,7d7977dbd247,mozilla-1.9.2
ftp.mozilla.org/pub/mozilla.org/firefox/nightly/2009/09/2009-09-15-04-mozilla-1.9.2/firefox-3.6a2pre.en-US.linux-i686.tar.bz2,20090915041343,1.9.2a2pre,9270914d2bda,mozilla-1.9.2
ftp.mozilla.org/pub/mozilla.org/firefox/nightly/2009/09/2009-09-16-03-mozilla-1.9.2/firefox-3.6a2pre.en-US.linux-i686.tar.bz2,20090916034311,1.9.2a2pre,0ee58a54c5d6,mozilla-1.9.2
ftp.mozilla.org/pub/mozilla.org/firefox/nightly/2009/09/2009-09-17-03-mozilla-1.9.2/firefox-3.6a2pre.en-US.linux-i686.tar.bz2,20090917033734,1.9.2a2pre,34da890d632d,mozilla-1.9.2
ftp.mozilla.org/pub/mozilla.org/firefox/nightly/2009/09/2009-09-18-03-mozilla-1.9.2/firefox-3.6a2pre.en-US.linux-i686.tar.bz2,20090918033755,1.9.2a2pre,145e56834616,mozilla-1.9.2
ftp.mozilla.org/pub/mozilla.org/firefox/nightly/2009/09/2009-09-19-03-mozilla-1.9.2/firefox-3.6a2pre.en-US.linux-i686.tar.bz2,20090919033650,1.9.2a2pre,2315796d220f,mozilla-1.9.2
ftp.mozilla.org/pub/mozilla.org/firefox/nightly/2009/09/2009-09-20-03-mozilla-1.9.2/firefox-3.6a2pre.en-US.linux-i686.tar.bz2,20090920034126,1.9.2a2pre,2315796d220f,mozilla-1.9.2
ftp.mozilla.org/pub/mozilla.org/firefox/nightly/2009/09/2009-09-21-03-mozilla-1.9.2/firefox-3.6a2pre.en-US.linux-i686.tar.bz2,20090921035151,1.9.2a2pre,25e1253030f4,mozilla-1.9.2
ftp.mozilla.org/pub/mozilla.org/firefox/nightly/2009/09/2009-09-22-03-mozilla-1.9.2/firefox-3.6b1pre.en-US.linux-i686.tar.bz2,20090922034740,1.9.2b1pre,1616267e8153,mozilla-1.9.2
ftp.mozilla.org/pub/mozilla.org/firefox/nightly/2009/09/2009-09-23-03-mozilla-1.9.2/firefox-3.6b1pre.en-US.linux-i686.tar.bz2,20090923034250,1.9.2b1pre,8eb768b8bccd,mozilla-1.9.2
ftp.mozilla.org/pub/mozilla.org/firefox/nightly/2009/09/2009-09-24-03-mozilla-1.9.2/firefox-3.6b1pre.en-US.linux-i686.tar.bz2,20090924033553,1.9.2b1pre,6c70bde16ceb,mozilla-1.9.2
ftp.mozilla.org/pub/mozilla.org/firefox/nightly/2009/09/2009-09-25-03-mozilla-1.9.2/firefox-3.6b1pre.en-US.linux-i686.tar.bz2,20090925033748,1.9.2b1pre,37595a72841c,mozilla-1.9.2
ftp.mozilla.org/pub/mozilla.org/firefox/nightly/2009/09/2009-09-26-03-mozilla-1.9.2/firefox-3.6b1pre.en-US.linux-i686.tar.bz2,20090926033654,1.9.2b1pre,7a6b4aea8917,mozilla-1.9.2
ftp.mozilla.org/pub/mozilla.org/firefox/nightly/2009/09/2009-09-27-03-mozilla-1.9.2/firefox-3.6b1pre.en-US.linux-i686.tar.bz2,20090927033853,1.9.2b1pre,4cf5f37e5121,mozilla-1.9.2
ftp.mozilla.org/pub/mozilla.org/firefox/nightly/2009/09/2009-09-28-03-mozilla-1.9.2/firefox-3.6b1pre.en-US.linux-i686.tar.bz2,20090928035714,1.9.2b1pre,f220e3eeb464,mozilla-1.9.2
ftp.mozilla.org/pub/mozilla.org/firefox/nightly/2009/09/2009-09-29-03-mozilla-1.9.2/firefox-3.6b1pre.en-US.linux-i686.tar.bz2,20090929033635,1.9.2b1pre,51d39b428a2d,mozilla-1.9.2
ftp.mozilla.org/pub/mozilla.org/firefox/nightly/2009/09/2009-09-30-03-mozilla-1.9.2/firefox-3.6b1pre.en-US.linux-i686.tar.bz2,20090930033826,1.9.2b1pre,4788f1c39085,mozilla-1.9.2
ftp.mozilla.org/pub/mozilla.org/firefox/nightly/2009/10/2009-10-01-03-mozilla-1.9.2/firefox-3.6b1pre.en-US.linux-i686.tar.bz2,20091001035853,1.9.2b1pre,810bdf2e81f1,mozilla-1.9.2
ftp.mozilla.org/pub/mozilla.org/firefox/nightly/2009/10/2009-10-02-03-mozilla-1.9.2/firefox-3.6b1pre.en-US.linux-i686.tar.bz2,20091002033701,1.9.2b1pre,2a496c6df8c2,mozilla-1.9.2
ftp.mozilla.org/pub/mozilla.org/firefox/nightly/2009/10/2009-10-03-03-mozilla-1.9.2/firefox-3.6b1pre.en-US.linux-i686.tar.bz2,20091003033644,1.9.2b1pre,b5ff73121753,mozilla-1.9.2
ftp.mozilla.org/pub/mozilla.org/firefox/nightly/2009/10/2009-10-04-03-mozilla-1.9.2/firefox-3.6b1pre.en-US.linux-i686.tar.bz2,20091004033810,1.9.2b1pre,b5ff73121753,mozilla-1.9.2
ftp.mozilla.org/pub/mozilla.org/firefox/nightly/2009/10/2009-10-05-04-mozilla-1.9.2/firefox-3.6b1pre.en-US.linux-i686.tar.bz2,20091005040426,1.9.2b1pre,5fc2e44956d3,mozilla-1.9.2
ftp.mozilla.org/pub/mozilla.org/firefox/nightly/2009/10/2009-10-06-03-mozilla-1.9.2/firefox-3.6b1pre.en-US.linux-i686.tar.bz2,20091006034130,1.9.2b1pre,fab82463c585,mozilla-1.9.2
ftp.mozilla.org/pub/mozilla.org/firefox/nightly/2009/10/2009-10-07-03-mozilla-1.9.2/firefox-3.6b1pre.en-US.linux-i686.tar.bz2,20091007034431,1.9.2b1pre,491684dbfd7f,mozilla-1.9.2
ftp.mozilla.org/pub/mozilla.org/firefox/nightly/2009/10/2009-10-08-03-mozilla-1.9.2/firefox-3.6b1pre.en-US.linux-i686.tar.bz2,20091008035203,1.9.2b1pre,6757787f9499,mozilla-1.9.2
ftp.mozilla.org/pub/mozilla.org/firefox/nightly/2009/10/2009-10-09-03-mozilla-1.9.2/firefox-3.6b1pre.en-US.linux-i686.tar.bz2,20091009034151,1.9.2b1pre,f492e385a264,mozilla-1.9.2
ftp.mozilla.org/pub/mozilla.org/firefox/nightly/2009/10/2009-10-10-03-mozilla-1.9.2/firefox-3.6b1pre.en-US.linux-i686.tar.bz2,20091010033748,1.9.2b1pre,04289246a504,mozilla-1.9.2
ftp.mozilla.org/pub/mozilla.org/firefox/nightly/2009/10/2009-10-11-03-mozilla-1.9.2/firefox-3.6b1pre.en-US.linux-i686.tar.bz2,20091011033927,1.9.2b1pre,1e08844ef551,mozilla-1.9.2
ftp.mozilla.org/pub/mozilla.org/firefox/nightly/2009/10/2009-10-12-03-mozilla-1.9.2/firefox-3.6b1pre.en-US.linux-i686.tar.bz2,20091012035515,1.9.2b1pre,f25d5be75389,mozilla-1.9.2
ftp.mozilla.org/pub/mozilla.org/firefox/nightly/2009/10/2009-10-13-03-mozilla-1.9.2/firefox-3.6b1pre.en-US.linux-i686.tar.bz2,20091013033821,1.9.2b1pre,fffed35054b5,mozilla-1.9.2
ftp.mozilla.org/pub/mozilla.org/firefox/nightly/2009/10/2009-10-14-03-mozilla-1.9.2/firefox-3.6b1pre.en-US.linux-i686.tar.bz2,20091014034017,1.9.2b1pre,c16794559aed,mozilla-1.9.2
ftp.mozilla.org/pub/mozilla.org/firefox/nightly/2009/10/2009-10-15-03-mozilla-1.9.2/firefox-3.6b2pre.en-US.linux-i686.tar.bz2,20091015034252,1.9.2b2pre,d8e72a6fb8b7,mozilla-1.9.2
ftp.mozilla.org/pub/mozilla.org/firefox/nightly/2009/10/2009-10-16-03-mozilla-1.9.2/firefox-3.6b2pre.en-US.linux-i686.tar.bz2,20091016033950,1.9.2b2pre,1e2aea110399,mozilla-1.9.2
ftp.mozilla.org/pub/mozilla.org/firefox/nightly/2009/10/2009-10-17-03-mozilla-1.9.2/firefox-3.6b2pre.en-US.linux-i686.tar.bz2,20091017034256,1.9.2b2pre,429e7f7ba34d,mozilla-1.9.2
ftp.mozilla.org/pub/mozilla.org/firefox/nightly/2009/10/2009-10-18-03-mozilla-1.9.2/firefox-3.6b2pre.en-US.linux-i686.tar.bz2,20091018034502,1.9.2b2pre,551ba9506154,mozilla-1.9.2
ftp.mozilla.org/pub/mozilla.org/firefox/nightly/2009/10/2009-10-19-03-mozilla-1.9.2/firefox-3.6b2pre.en-US.linux-i686.tar.bz2,20091019035419,1.9.2b2pre,5879c8980e69,mozilla-1.9.2
ftp.mozilla.org/pub/mozilla.org/firefox/nightly/2009/10/2009-10-20-03-mozilla-1.9.2/firefox-3.6b2pre.en-US.linux-i686.tar.bz2,20091020033853,1.9.2b2pre,2462c73609b5,mozilla-1.9.2
ftp.mozilla.org/pub/mozilla.org/firefox/nightly/2009/10/2009-10-21-03-mozilla-1.9.2/firefox-3.6b2pre.en-US.linux-i686.tar.bz2,20091021034254,1.9.2b2pre,d5e1673edb11,mozilla-1.9.2
ftp.mozilla.org/pub/mozilla.org/firefox/nightly/2009/10/2009-10-22-03-mozilla-1.9.2/firefox-3.6b2pre.en-US.linux-i686.tar.bz2,20091022033729,1.9.2b2pre,4b0e75e126f1,mozilla-1.9.2
ftp.mozilla.org/pub/mozilla.org/firefox/nightly/2009/10/2009-10-23-03-mozilla-1.9.2/firefox-3.6b2pre.en-US.linux-i686.tar.bz2,20091023034016,1.9.2b2pre,bf5a0fd5db5c,mozilla-1.9.2
ftp.mozilla.org/pub/mozilla.org/firefox/nightly/2009/10/2009-10-24-03-mozilla-1.9.2/firefox-3.6b2pre.en-US.linux-i686.tar.bz2,20091024033856,1.9.2b2pre,a7e017d058ba,mozilla-1.9.2
ftp.mozilla.org/pub/mozilla.org/firefox/nightly/2009/10/2009-10-25-03-mozilla-1.9.2/firefox-3.6b2pre.en-US.linux-i686.tar.bz2,20091025034103,1.9.2b2pre,85fb29b6da87,mozilla-1.9.2
ftp.mozilla.org/pub/mozilla.org/firefox/nightly/2009/10/2009-10-26-04-mozilla-1.9.2/firefox-3.6b2pre.en-US.linux-i686.tar.bz2,20091026040009,1.9.2b2pre,5f3963040ee2,mozilla-1.9.2
ftp.mozilla.org/pub/mozilla.org/firefox/nightly/2009/10/2009-10-27-03-mozilla-1.9.2/firefox-3.6b2pre.en-US.linux-i686.tar.bz2,20091027034009,1.9.2b2pre,39e5868d85e7,mozilla-1.9.2
ftp.mozilla.org/pub/mozilla.org/firefox/nightly/2009/10/2009-10-28-03-mozilla-1.9.2/firefox-3.6b2pre.en-US.linux-i686.tar.bz2,20091028034054,1.9.2b2pre,d5b2b5b6ad43,mozilla-1.9.2
ftp.mozilla.org/pub/mozilla.org/firefox/nightly/2009/10/2009-10-29-03-mozilla-1.9.2/firefox-3.6b2pre.en-US.linux-i686.tar.bz2,20091029033659,1.9.2b2pre,61e9a14a8819,mozilla-1.9.2
ftp.mozilla.org/pub/mozilla.org/firefox/nightly/2009/10/2009-10-30-04-mozilla-1.9.2/firefox-3.6b2pre.en-US.linux-i686.tar.bz2,20091030042949,1.9.2b2pre,301b3fe25335,mozilla-1.9.2
ftp.mozilla.org/pub/mozilla.org/firefox/nightly/2009/10/2009-10-31-03-mozilla-1.9.2/firefox-3.6b2pre.en-US.linux-i686.tar.bz2,20091031033813,1.9.2b2pre,c3a3d758db0e,mozilla-1.9.2
ftp.mozilla.org/pub/mozilla.org/firefox/nightly/2009/11/2009-11-01-03-mozilla-1.9.2/firefox-3.6b2pre.en-US.linux-i686.tar.bz2,20091101033945,1.9.2b2pre,e64520854382,mozilla-1.9.2
ftp.mozilla.org/pub/mozilla.org/firefox/nightly/2009/11/2009-11-02-04-mozilla-1.9.2/firefox-3.6b2pre.en-US.linux-i686.tar.bz2,20091102043605,1.9.2b2pre,8945f271cfac,mozilla-1.9.2
ftp.mozilla.org/pub/mozilla.org/firefox/nightly/2009/11/2009-11-03-03-mozilla-1.9.2/firefox-3.6b2pre.en-US.linux-i686.tar.bz2,20091103034158,1.9.2b2pre,7347a2572f1d,mozilla-1.9.2
ftp.mozilla.org/pub/mozilla.org/firefox/nightly/2009/11/2009-11-04-03-mozilla-1.9.2/firefox-3.6b2pre.en-US.linux-i686.tar.bz2,20091104034217,1.9.2b2pre,4c30145dd7f3,mozilla-1.9.2
ftp.mozilla.org/pub/mozilla.org/firefox/nightly/2009/11/2009-11-05-03-mozilla-1.9.2/firefox-3.6b2pre.en-US.linux-i686.tar.bz2,20091105034039,1.9.2b2pre,6ca958aa4c8a,mozilla-1.9.2
ftp.mozilla.org/pub/mozilla.org/firefox/nightly/2009/11/2009-11-06-03-mozilla-1.9.2/firefox-3.6b2pre.en-US.linux-i686.tar.bz2,20091106034058,1.9.2b2pre,5d0b180b9873,mozilla-1.9.2
ftp.mozilla.org/pub/mozilla.org/firefox/nightly/2009/11/2009-11-07-03-mozilla-1.9.2/firefox-3.6b2pre.en-US.linux-i686.tar.bz2,20091107033606,1.9.2b2pre,b5cdd1306777,mozilla-1.9.2
ftp.mozilla.org/pub/mozilla.org/firefox/nightly/2009/11/2009-11-08-03-mozilla-1.9.2/firefox-3.6b2pre.en-US.linux-i686.tar.bz2,20091108033954,1.9.2b2pre,694ca73f88de,mozilla-1.9.2
ftp.mozilla.org/pub/mozilla.org/firefox/nightly/2009/11/2009-11-09-03-mozilla-1.9.2/firefox-3.6b3pre.en-US.linux-i686.tar.bz2,20091109034256,1.9.2b3pre,011551895ca8,mozilla-1.9.2
ftp.mozilla.org/pub/mozilla.org/firefox/nightly/2009/11/2009-11-10-03-mozilla-1.9.2/firefox-3.6b3pre.en-US.linux-i686.tar.bz2,20091110033903,1.9.2b3pre,fd94e4f6c80b,mozilla-1.9.2
ftp.mozilla.org/pub/mozilla.org/firefox/nightly/2009/11/2009-11-11-03-mozilla-1.9.2/firefox-3.6b3pre.en-US.linux-i686.tar.bz2,20091111033750,1.9.2b3pre,4ca2f1951447,mozilla-1.9.2
ftp.mozilla.org/pub/mozilla.org/firefox/nightly/2009/11/2009-11-12-03-mozilla-1.9.2/firefox-3.6b3pre.en-US.linux-i686.tar.bz2,20091112034241,1.9.2b3pre,88ce6c86cbb3,mozilla-1.9.2
ftp.mozilla.org/pub/mozilla.org/firefox/nightly/2009/11/2009-11-13-03-mozilla-1.9.2/firefox-3.6b3pre.en-US.linux-i686.tar.bz2,20091113034033,1.9.2b3pre,e32fe98800b6,mozilla-1.9.2
ftp.mozilla.org/pub/mozilla.org/firefox/nightly/2009/11/2009-11-14-03-mozilla-1.9.2/firefox-3.6b3pre.en-US.linux-i686.tar.bz2,20091114033949,1.9.2b3pre,7acd57db1f8f,mozilla-1.9.2
ftp.mozilla.org/pub/mozilla.org/firefox/nightly/2009/11/2009-11-15-03-mozilla-1.9.2/firefox-3.6b3pre.en-US.linux-i686.tar.bz2,20091115033810,1.9.2b3pre,55e73a35126e,mozilla-1.9.2
ftp.mozilla.org/pub/mozilla.org/firefox/nightly/2009/11/2009-11-16-03-mozilla-1.9.2/firefox-3.6b4pre.en-US.linux-i686.tar.bz2,20091116034527,1.9.2b4pre,052ce95caebf,mozilla-1.9.2
ftp.mozilla.org/pub/mozilla.org/firefox/nightly/2009/11/2009-11-17-03-mozilla-1.9.2/firefox-3.6b4pre.en-US.linux-i686.tar.bz2,20091117034255,1.9.2b4pre,784785a78a5a,mozilla-1.9.2
ftp.mozilla.org/pub/mozilla.org/firefox/nightly/2009/11/2009-11-18-03-mozilla-1.9.2/firefox-3.6b4pre.en-US.linux-i686.tar.bz2,20091118033759,1.9.2b4pre,b4c505cfcdbd,mozilla-1.9.2
ftp.mozilla.org/pub/mozilla.org/firefox/nightly/2009/11/2009-11-19-03-mozilla-1.9.2/firefox-3.6b4pre.en-US.linux-i686.tar.bz2,20091119033716,1.9.2b4pre,a2af57fed584,mozilla-1.9.2
ftp.mozilla.org/pub/mozilla.org/firefox/nightly/2009/11/2009-11-20-03-mozilla-1.9.2/firefox-3.6b4pre.en-US.linux-i686.tar.bz2,20091120033810,1.9.2b4pre,978fa137b516,mozilla-1.9.2
ftp.mozilla.org/pub/mozilla.org/firefox/nightly/2009/11/2009-11-21-03-mozilla-1.9.2/firefox-3.6b4pre.en-US.linux-i686.tar.bz2,20091121034228,1.9.2b4pre,d75213d4b1e2,mozilla-1.9.2
ftp.mozilla.org/pub/mozilla.org/firefox/nightly/2009/11/2009-11-22-03-mozilla-1.9.2/firefox-3.6b4pre.en-US.linux-i686.tar.bz2,20091122033700,1.9.2b4pre,d75213d4b1e2,mozilla-1.9.2
ftp.mozilla.org/pub/mozilla.org/firefox/nightly/2009/11/2009-11-23-03-mozilla-1.9.2/firefox-3.6b4pre.en-US.linux-i686.tar.bz2,20091123033735,1.9.2b4pre,77db855c4377,mozilla-1.9.2
ftp.mozilla.org/pub/mozilla.org/firefox/nightly/2009/11/2009-11-24-03-mozilla-1.9.2/firefox-3.6b4pre.en-US.linux-i686.tar.bz2,20091124033951,1.9.2b4pre,e7dfac59fa7c,mozilla-1.9.2
ftp.mozilla.org/pub/mozilla.org/firefox/nightly/2009/11/2009-11-25-03-mozilla-1.9.2/firefox-3.6b5pre.en-US.linux-i686.tar.bz2,20091125034012,1.9.2b5pre,1206cbcdd06e,mozilla-1.9.2
ftp.mozilla.org/pub/mozilla.org/firefox/nightly/2009/11/2009-11-26-03-mozilla-1.9.2/firefox-3.6b5pre.en-US.linux-i686.tar.bz2,20091126033657,1.9.2b5pre,237dccbcb967,mozilla-1.9.2
ftp.mozilla.org/pub/mozilla.org/firefox/nightly/2009/11/2009-11-27-03-mozilla-1.9.2/firefox-3.6b5pre.en-US.linux-i686.tar.bz2,20091127033832,1.9.2b5pre,1ff1e4db21f2,mozilla-1.9.2
ftp.mozilla.org/pub/mozilla.org/firefox/nightly/2009/11/2009-11-28-03-mozilla-1.9.2/firefox-3.6b5pre.en-US.linux-i686.tar.bz2,20091128034546,1.9.2b5pre,1ff1e4db21f2,mozilla-1.9.2
ftp.mozilla.org/pub/mozilla.org/firefox/nightly/2009/11/2009-11-29-03-mozilla-1.9.2/firefox-3.6b5pre.en-US.linux-i686.tar.bz2,20091129034324,1.9.2b5pre,45101239c881,mozilla-1.9.2
ftp.mozilla.org/pub/mozilla.org/firefox/nightly/2009/11/2009-11-30-03-mozilla-1.9.2/firefox-3.6b5pre.en-US.linux-i686.tar.bz2,20091130034000,1.9.2b5pre,636c633c6b31,mozilla-1.9.2
ftp.mozilla.org/pub/mozilla.org/firefox/nightly/2009/12/2009-12-01-03-mozilla-1.9.2/firefox-3.6b5pre.en-US.linux-i686.tar.bz2,20091201034304,1.9.2b5pre,52b8170d428b,mozilla-1.9.2
ftp.mozilla.org/pub/mozilla.org/firefox/nightly/2009/12/2009-12-02-03-mozilla-1.9.2/firefox-3.6b5pre.en-US.linux-i686.tar.bz2,20091202033924,1.9.2b5pre,6f92e9608204,mozilla-1.9.2
ftp.mozilla.org/pub/mozilla.org/firefox/nightly/2009/12/2009-12-03-03-mozilla-1.9.2/firefox-3.6b5pre.en-US.linux-i686.tar.bz2,20091203034254,1.9.2b5pre,d7c3f3105089,mozilla-1.9.2
ftp.mozilla.org/pub/mozilla.org/firefox/nightly/2009/12/2009-12-04-03-mozilla-1.9.2/firefox-3.6b5pre.en-US.linux-i686.tar.bz2,20091204034141,1.9.2b5pre,bde2af1feb1c,mozilla-1.9.2
ftp.mozilla.org/pub/mozilla.org/firefox/nightly/2009/12/2009-12-05-03-mozilla-1.9.2/firefox-3.6b6pre.en-US.linux-i686.tar.bz2,20091205033723,1.9.2b6pre,82034aa03da2,mozilla-1.9.2
ftp.mozilla.org/pub/mozilla.org/firefox/nightly/2009/12/2009-12-06-03-mozilla-1.9.2/firefox-3.6b6pre.en-US.linux-i686.tar.bz2,20091206034048,1.9.2b6pre,82034aa03da2,mozilla-1.9.2
ftp.mozilla.org/pub/mozilla.org/firefox/nightly/2009/12/2009-12-07-03-mozilla-1.9.2/firefox-3.6b6pre.en-US.linux-i686.tar.bz2,20091207033824,1.9.2b6pre,82034aa03da2,mozilla-1.9.2
ftp.mozilla.org/pub/mozilla.org/firefox/nightly/2009/12/2009-12-08-03-mozilla-1.9.2/firefox-3.6b6pre.en-US.linux-i686.tar.bz2,20091208033729,1.9.2b6pre,094d5802511b,mozilla-1.9.2
ftp.mozilla.org/pub/mozilla.org/firefox/nightly/2009/12/2009-12-09-03-mozilla-1.9.2/firefox-3.6b6pre.en-US.linux-i686.tar.bz2,20091209033725,1.9.2b6pre,da097e999027,mozilla-1.9.2
ftp.mozilla.org/pub/mozilla.org/firefox/nightly/2009/12/2009-12-10-03-mozilla-1.9.2/firefox-3.6b6pre.en-US.linux-i686.tar.bz2,20091210033924,1.9.2b6pre,1a03aa2e47a1,mozilla-1.9.2
ftp.mozilla.org/pub/mozilla.org/firefox/nightly/2009/12/2009-12-11-03-mozilla-1.9.2/firefox-3.6b6pre.en-US.linux-i686.tar.bz2,20091211035135,1.9.2b6pre,8df91edf9ecd,mozilla-1.9.2
ftp.mozilla.org/pub/mozilla.org/firefox/nightly/2009/12/2009-12-12-03-mozilla-1.9.2/firefox-3.6b6pre.en-US.linux-i686.tar.bz2,20091212033630,1.9.2b6pre,101b2f5eef9a,mozilla-1.9.2
ftp.mozilla.org/pub/mozilla.org/firefox/nightly/2009/12/2009-12-13-03-mozilla-1.9.2/firefox-3.6b6pre.en-US.linux-i686.tar.bz2,20091213033738,1.9.2b6pre,5e9329cfac70,mozilla-1.9.2
ftp.mozilla.org/pub/mozilla.org/firefox/nightly/2009/12/2009-12-14-03-mozilla-1.9.2/firefox-3.6b6pre.en-US.linux-i686.tar.bz2,20091214034238,1.9.2b6pre,72daa308d3a6,mozilla-1.9.2
ftp.mozilla.org/pub/mozilla.org/firefox/nightly/2009/12/2009-12-15-03-mozilla-1.9.2/firefox-3.6b6pre.en-US.linux-i686.tar.bz2,20091215033835,1.9.2b6pre,e2a652b99570,mozilla-1.9.2
ftp.mozilla.org/pub/mozilla.org/firefox/nightly/2009/12/2009-12-16-03-mozilla-1.9.2/firefox-3.6b6pre.en-US.linux-i686.tar.bz2,20091216034400,1.9.2b6pre,6e590843b831,mozilla-1.9.2
ftp.mozilla.org/pub/mozilla.org/firefox/nightly/2009/12/2009-12-17-03-mozilla-1.9.2/firefox-3.6b6pre.en-US.linux-i686.tar.bz2,20091217033751,1.9.2b6pre,707085ed40a8,mozilla-1.9.2
ftp.mozilla.org/pub/mozilla.org/firefox/nightly/2009/12/2009-12-18-03-mozilla-1.9.2/firefox-3.6b6pre.en-US.linux-i686.tar.bz2,20091218035104,1.9.2b6pre,68f268906598,mozilla-1.9.2
ftp.mozilla.org/pub/mozilla.org/firefox/nightly/2009/12/2009-12-19-03-mozilla-1.9.2/firefox-3.6b6pre.en-US.linux-i686.tar.bz2,20091219033632,1.9.2b6pre,7f7565e06255,mozilla-1.9.2
ftp.mozilla.org/pub/mozilla.org/firefox/nightly/2009/12/2009-12-20-03-mozilla-1.9.2/firefox-3.6b6pre.en-US.linux-i686.tar.bz2,20091220033814,1.9.2b6pre,040104b681d8,mozilla-1.9.2
ftp.mozilla.org/pub/mozilla.org/firefox/nightly/2009/12/2009-12-21-03-mozilla-1.9.2/firefox-3.6b6pre.en-US.linux-i686.tar.bz2,20091221034056,1.9.2b6pre,88d9224dda3c,mozilla-1.9.2
ftp.mozilla.org/pub/mozilla.org/firefox/nightly/2009/12/2009-12-22-03-mozilla-1.9.2/firefox-3.6b6pre.en-US.linux-i686.tar.bz2,20091222033804,1.9.2b6pre,83066d472ab1,mozilla-1.9.2
ftp.mozilla.org/pub/mozilla.org/firefox/nightly/2009/12/2009-12-23-03-mozilla-1.9.2/firefox-3.6b6pre.en-US.linux-i686.tar.bz2,20091223033859,1.9.2b6pre,df9eedd38fd9,mozilla-1.9.2
ftp.mozilla.org/pub/mozilla.org/firefox/nightly/2009/12/2009-12-24-03-mozilla-1.9.2/firefox-3.6b6pre.en-US.linux-i686.tar.bz2,20091224033856,1.9.2b6pre,35969e2d4461,mozilla-1.9.2
ftp.mozilla.org/pub/mozilla.org/firefox/nightly/2009/12/2009-12-25-03-mozilla-1.9.2/firefox-3.6b6pre.en-US.linux-i686.tar.bz2,20091225033652,1.9.2b6pre,e0d4561865c1,mozilla-1.9.2
ftp.mozilla.org/pub/mozilla.org/firefox/nightly/2009/12/2009-12-26-03-mozilla-1.9.2/firefox-3.6b6pre.en-US.linux-i686.tar.bz2,20091226033721,1.9.2b6pre,80b81fd8452c,mozilla-1.9.2
ftp.mozilla.org/pub/mozilla.org/firefox/nightly/2009/12/2009-12-27-03-mozilla-1.9.2/firefox-3.6b6pre.en-US.linux-i686.tar.bz2,20091227034401,1.9.2b6pre,23054aa8df66,mozilla-1.9.2
ftp.mozilla.org/pub/mozilla.org/firefox/nightly/2009/12/2009-12-28-03-mozilla-1.9.2/firefox-3.6b6pre.en-US.linux-i686.tar.bz2,20091228033624,1.9.2b6pre,d82ce930bef3,mozilla-1.9.2
ftp.mozilla.org/pub/mozilla.org/firefox/nightly/2009/12/2009-12-29-03-mozilla-1.9.2/firefox-3.6b6pre.en-US.linux-i686.tar.bz2,20091229033806,1.9.2b6pre,fe0560bbe9cb,mozilla-1.9.2
ftp.mozilla.org/pub/mozilla.org/firefox/nightly/2009/12/2009-12-30-03-mozilla-1.9.2/firefox-3.6b6pre.en-US.linux-i686.tar.bz2,20091230033758,1.9.2b6pre,369720551307,mozilla-1.9.2
ftp.mozilla.org/pub/mozilla.org/firefox/nightly/2009/12/2009-12-31-03-mozilla-1.9.2/firefox-3.6b6pre.en-US.linux-i686.tar.bz2,20091231033634,1.9.2b6pre,7f85397aa446,mozilla-1.9.2
ftp.mozilla.org/pub/mozilla.org/firefox/nightly/2010/01/2010-01-01-03-mozilla-1.9.2/firefox-3.6b6pre.en-US.linux-i686.tar.bz2,20100101033918,1.9.2b6pre,6d13e4351efc,mozilla-1.9.2
ftp.mozilla.org/pub/mozilla.org/firefox/nightly/2010/01/2010-01-02-03-mozilla-1.9.2/firefox-3.6b6pre.en-US.linux-i686.tar.bz2,20100102033804,1.9.2b6pre,6d13e4351efc,mozilla-1.9.2
ftp.mozilla.org/pub/mozilla.org/firefox/nightly/2010/01/2010-01-03-03-mozilla-1.9.2/firefox-3.6b6pre.en-US.linux-i686.tar.bz2,20100103033949,1.9.2b6pre,020a9d1400ba,mozilla-1.9.2
ftp.mozilla.org/pub/mozilla.org/firefox/nightly/2010/01/2010-01-04-03-mozilla-1.9.2/firefox-3.6b6pre.en-US.linux-i686.tar.bz2,20100104033811,1.9.2b6pre,020a9d1400ba,mozilla-1.9.2
ftp.mozilla.org/pub/mozilla.org/firefox/nightly/2010/01/2010-01-05-03-mozilla-1.9.2/firefox-3.6b6pre.en-US.linux-i686.tar.bz2,20100105033726,1.9.2b6pre,c438ba15483a,mozilla-1.9.2
ftp.mozilla.org/pub/mozilla.org/firefox/nightly/2010/01/2010-01-06-03-mozilla-1.9.2/firefox-3.6pre.en-US.linux-i686.tar.bz2,20100106034101,1.9.2pre,e8e55ec38991,mozilla-1.9.2
ftp.mozilla.org/pub/mozilla.org/firefox/nightly/2010/01/2010-01-07-03-mozilla-1.9.2/firefox-3.6pre.en-US.linux-i686.tar.bz2,20100107034014,1.9.2pre,669ef5caf987,mozilla-1.9.2
ftp.mozilla.org/pub/mozilla.org/firefox/nightly/2010/01/2010-01-08-03-mozilla-1.9.2/firefox-3.6pre.en-US.linux-i686.tar.bz2,20100108034530,1.9.2pre,4a3aeee1280c,mozilla-1.9.2
ftp.mozilla.org/pub/mozilla.org/firefox/nightly/2010/01/2010-01-09-03-mozilla-1.9.2/firefox-3.6pre.en-US.linux-i686.tar.bz2,20100109034931,1.9.2pre,05a4cc93f14b,mozilla-1.9.2
ftp.mozilla.org/pub/mozilla.org/firefox/nightly/2010/01/2010-01-10-03-mozilla-1.9.2/firefox-3.6pre.en-US.linux-i686.tar.bz2,20100110033742,1.9.2pre,05a4cc93f14b,mozilla-1.9.2
ftp.mozilla.org/pub/mozilla.org/firefox/nightly/2010/01/2010-01-11-03-mozilla-1.9.2/firefox-3.6pre.en-US.linux-i686.tar.bz2,20100111033909,1.9.2pre,05a4cc93f14b,mozilla-1.9.2
ftp.mozilla.org/pub/mozilla.org/firefox/nightly/2010/01/2010-01-12-03-mozilla-1.9.2/firefox-3.6pre.en-US.linux-i686.tar.bz2,20100112033726,1.9.2pre,05a4cc93f14b,mozilla-1.9.2
ftp.mozilla.org/pub/mozilla.org/firefox/nightly/2010/01/2010-01-13-03-mozilla-1.9.2/firefox-3.6pre.en-US.linux-i686.tar.bz2,20100113033734,1.9.2pre,05a4cc93f14b,mozilla-1.9.2
ftp.mozilla.org/pub/mozilla.org/firefox/nightly/2010/01/2010-01-14-03-mozilla-1.9.2/firefox-3.6pre.en-US.linux-i686.tar.bz2,20100114033822,1.9.2pre,05a4cc93f14b,mozilla-1.9.2
ftp.mozilla.org/pub/mozilla.org/firefox/nightly/2010/01/2010-01-15-04-mozilla-1.9.2/firefox-3.6pre.en-US.linux-i686.tar.bz2,20100115043250,1.9.2pre,08a91a7b080a,mozilla-1.9.2
ftp.mozilla.org/pub/mozilla.org/firefox/nightly/2010/01/2010-01-16-03-mozilla-1.9.2/firefox-3.6pre.en-US.linux-i686.tar.bz2,20100116033743,1.9.2pre,b23eb9e516f8,mozilla-1.9.2
ftp.mozilla.org/pub/mozilla.org/firefox/nightly/2010/01/2010-01-17-03-mozilla-1.9.2/firefox-3.6pre.en-US.linux-i686.tar.bz2,20100117034121,1.9.2pre,8400d5566f44,mozilla-1.9.2
ftp.mozilla.org/pub/mozilla.org/firefox/nightly/2010/01/2010-01-18-03-mozilla-1.9.2/firefox-3.6pre.en-US.linux-i686.tar.bz2,20100118034415,1.9.2pre,8400d5566f44,mozilla-1.9.2
ftp.mozilla.org/pub/mozilla.org/firefox/nightly/2010/01/2010-01-19-03-mozilla-1.9.2/firefox-3.6pre.en-US.linux-i686.tar.bz2,20100119034055,1.9.2pre,8400d5566f44,mozilla-1.9.2
ftp.mozilla.org/pub/mozilla.org/firefox/nightly/2010/01/2010-01-20-03-mozilla-1.9.2/firefox-3.6pre.en-US.linux-i686.tar.bz2,20100120033612,1.9.2pre,69285201ec18,mozilla-1.9.2
ftp.mozilla.org/pub/mozilla.org/firefox/nightly/2010/01/2010-01-21-03-mozilla-1.9.2/firefox-3.6pre.en-US.linux-i686.tar.bz2,20100121033923,1.9.2pre,d2a5c5f46038,mozilla-1.9.2
ftp.mozilla.org/pub/mozilla.org/firefox/nightly/2010/01/2010-01-22-04-mozilla-1.9.2/firefox-3.6.1pre.en-US.linux-i686.tar.bz2,20100122042652,1.9.2.1pre,4ac3f2231f1b,mozilla-1.9.2
ftp.mozilla.org/pub/mozilla.org/firefox/nightly/2010/01/2010-01-23-03-mozilla-1.9.2/firefox-3.6.1pre.en-US.linux-i686.tar.bz2,20100123033706,1.9.2.1pre,6310c1f176c3,mozilla-1.9.2
ftp.mozilla.org/pub/mozilla.org/firefox/nightly/2010/01/2010-01-24-03-mozilla-1.9.2/firefox-3.6.1pre.en-US.linux-i686.tar.bz2,20100124034904,1.9.2.1pre,6310c1f176c3,mozilla-1.9.2
ftp.mozilla.org/pub/mozilla.org/firefox/nightly/2010/01/2010-01-25-03-mozilla-1.9.2/firefox-3.6.1pre.en-US.linux-i686.tar.bz2,20100125034119,1.9.2.1pre,26b0e84316fb,mozilla-1.9.2
ftp.mozilla.org/pub/mozilla.org/firefox/nightly/2010/01/2010-01-26-03-mozilla-1.9.2/firefox-3.6.1pre.en-US.linux-i686.tar.bz2,20100126034012,1.9.2.1pre,bb8fb4681603,mozilla-1.9.2
ftp.mozilla.org/pub/mozilla.org/firefox/nightly/2010/01/2010-01-27-03-mozilla-1.9.2/firefox-3.6.2pre.en-US.linux-i686.tar.bz2,20100127033733,1.9.2.2pre,09fc971aabeb,mozilla-1.9.2
ftp.mozilla.org/pub/mozilla.org/firefox/nightly/2010/01/2010-01-28-03-mozilla-1.9.2/firefox-3.6.2pre.en-US.linux-i686.tar.bz2,20100128034136,1.9.2.2pre,09fc971aabeb,mozilla-1.9.2
ftp.mozilla.org/pub/mozilla.org/firefox/nightly/2010/01/2010-01-29-05-mozilla-1.9.2/firefox-3.6.2pre.en-US.linux-i686.tar.bz2,20100129054317,1.9.2.2pre,09fc971aabeb,mozilla-1.9.2
ftp.mozilla.org/pub/mozilla.org/firefox/nightly/2010/01/2010-01-30-03-mozilla-1.9.2/firefox-3.6.2pre.en-US.linux-i686.tar.bz2,20100130033714,1.9.2.2pre,5d7909e22a27,mozilla-1.9.2
ftp.mozilla.org/pub/mozilla.org/firefox/nightly/2010/01/2010-01-31-03-mozilla-1.9.2/firefox-3.6.2pre.en-US.linux-i686.tar.bz2,20100131034122,1.9.2.2pre,5d7909e22a27,mozilla-1.9.2
ftp.mozilla.org/pub/mozilla.org/firefox/nightly/2010/02/2010-02-01-03-mozilla-1.9.2/firefox-3.6.2pre.en-US.linux-i686.tar.bz2,20100201034023,1.9.2.2pre,5d7909e22a27,mozilla-1.9.2
ftp.mozilla.org/pub/mozilla.org/firefox/nightly/2010/02/2010-02-02-03-mozilla-1.9.2/firefox-3.6.2pre.en-US.linux-i686.tar.bz2,20100202034608,1.9.2.2pre,5d7909e22a27,mozilla-1.9.2
ftp.mozilla.org/pub/mozilla.org/firefox/nightly/2010/02/2010-02-03-03-mozilla-1.9.2/firefox-3.6.2pre.en-US.linux-i686.tar.bz2,20100203033644,1.9.2.2pre,5d7909e22a27,mozilla-1.9.2
ftp.mozilla.org/pub/mozilla.org/firefox/nightly/2010/02/2010-02-04-03-mozilla-1.9.2/firefox-3.6.2pre.en-US.linux-i686.tar.bz2,20100204033747,1.9.2.2pre,5d7909e22a27,mozilla-1.9.2
ftp.mozilla.org/pub/mozilla.org/firefox/nightly/2010/02/2010-02-05-03-mozilla-1.9.2/firefox-3.6.2pre.en-US.linux-i686.tar.bz2,20100205033744,1.9.2.2pre,ce136686a20a,mozilla-1.9.2
ftp.mozilla.org/pub/mozilla.org/firefox/nightly/2010/02/2010-02-06-03-mozilla-1.9.2/firefox-3.6.2pre.en-US.linux-i686.tar.bz2,20100206033728,1.9.2.2pre,7580a8c2033d,mozilla-1.9.2
ftp.mozilla.org/pub/mozilla.org/firefox/nightly/2010/02/2010-02-07-03-mozilla-1.9.2/firefox-3.6.2pre.en-US.linux-i686.tar.bz2,20100207033850,1.9.2.2pre,c7a1da591f26,mozilla-1.9.2
ftp.mozilla.org/pub/mozilla.org/firefox/nightly/2010/02/2010-02-08-03-mozilla-1.9.2/firefox-3.6.2pre.en-US.linux-i686.tar.bz2,20100208033702,1.9.2.2pre,c7a1da591f26,mozilla-1.9.2
ftp.mozilla.org/pub/mozilla.org/firefox/nightly/2010/02/2010-02-09-03-mozilla-1.9.2/firefox-3.6.2pre.en-US.linux-i686.tar.bz2,20100209033829,1.9.2.2pre,c7a1da591f26,mozilla-1.9.2
ftp.mozilla.org/pub/mozilla.org/firefox/nightly/2010/02/2010-02-10-03-mozilla-1.9.2/firefox-3.6.2pre.en-US.linux-i686.tar.bz2,20100210033639,1.9.2.2pre,2e21cc41bb66,mozilla-1.9.2
ftp.mozilla.org/pub/mozilla.org/firefox/nightly/2010/02/2010-02-11-03-mozilla-1.9.2/firefox-3.6.2pre.en-US.linux-i686.tar.bz2,20100211034142,1.9.2.2pre,7723073d61b2,mozilla-1.9.2
ftp.mozilla.org/pub/mozilla.org/firefox/nightly/2010/02/2010-02-12-07-mozilla-1.9.2/firefox-3.6.2pre.en-US.linux-i686.tar.bz2,20100212073347,1.9.2.2pre,7723073d61b2,mozilla-1.9.2
ftp.mozilla.org/pub/mozilla.org/firefox/nightly/2010/02/2010-02-13-03-mozilla-1.9.2/firefox-3.6.2pre.en-US.linux-i686.tar.bz2,20100213033853,1.9.2.2pre,ebba043bb505,mozilla-1.9.2
ftp.mozilla.org/pub/mozilla.org/firefox/nightly/2010/02/2010-02-14-03-mozilla-1.9.2/firefox-3.6.2pre.en-US.linux-i686.tar.bz2,20100214033939,1.9.2.2pre,ebba043bb505,mozilla-1.9.2
ftp.mozilla.org/pub/mozilla.org/firefox/nightly/2010/02/2010-02-15-03-mozilla-1.9.2/firefox-3.6.2pre.en-US.linux-i686.tar.bz2,20100215033921,1.9.2.2pre,ebba043bb505,mozilla-1.9.2
ftp.mozilla.org/pub/mozilla.org/firefox/nightly/2010/02/2010-02-16-03-mozilla-1.9.2/firefox-3.6.2pre.en-US.linux-i686.tar.bz2,20100216034550,1.9.2.2pre,14fd499129bf,mozilla-1.9.2
ftp.mozilla.org/pub/mozilla.org/firefox/nightly/2010/02/2010-02-17-03-mozilla-1.9.2/firefox-3.6.2pre.en-US.linux-i686.tar.bz2,20100217033741,1.9.2.2pre,14fd499129bf,mozilla-1.9.2
ftp.mozilla.org/pub/mozilla.org/firefox/nightly/2010/02/2010-02-18-03-mozilla-1.9.2/firefox-3.6.2pre.en-US.linux-i686.tar.bz2,20100218034254,1.9.2.2pre,7afc9557c8f0,mozilla-1.9.2
ftp.mozilla.org/pub/mozilla.org/firefox/nightly/2010/02/2010-02-19-03-mozilla-1.9.2/firefox-3.6.2pre.en-US.linux-i686.tar.bz2,20100219034038,1.9.2.2pre,ae89af4f7cd0,mozilla-1.9.2
ftp.mozilla.org/pub/mozilla.org/firefox/nightly/2010/02/2010-02-20-03-mozilla-1.9.2/firefox-3.6.2pre.en-US.linux-i686.tar.bz2,20100220034005,1.9.2.2pre,05bca8fcc15c,mozilla-1.9.2
ftp.mozilla.org/pub/mozilla.org/firefox/nightly/2010/02/2010-02-21-03-mozilla-1.9.2/firefox-3.6.2pre.en-US.linux-i686.tar.bz2,20100221033902,1.9.2.2pre,8b747a986e06,mozilla-1.9.2
ftp.mozilla.org/pub/mozilla.org/firefox/nightly/2010/02/2010-02-22-03-mozilla-1.9.2/firefox-3.6.2pre.en-US.linux-i686.tar.bz2,20100222034105,1.9.2.2pre,d2e1f920454c,mozilla-1.9.2
ftp.mozilla.org/pub/mozilla.org/firefox/nightly/2010/02/2010-02-23-03-mozilla-1.9.2/firefox-3.6.2pre.en-US.linux-i686.tar.bz2,20100223033754,1.9.2.2pre,8f07bc479476,mozilla-1.9.2
ftp.mozilla.org/pub/mozilla.org/firefox/nightly/2010/02/2010-02-24-03-mozilla-1.9.2/firefox-3.6.2pre.en-US.linux-i686.tar.bz2,20100224033909,1.9.2.2pre,7a9b9969e527,mozilla-1.9.2
ftp.mozilla.org/pub/mozilla.org/firefox/nightly/2010/02/2010-02-25-03-mozilla-1.9.2/firefox-3.6.2pre.en-US.linux-i686.tar.bz2,20100225034947,1.9.2.2pre,a548323a9e66,mozilla-1.9.2
ftp.mozilla.org/pub/mozilla.org/firefox/nightly/2010/02/2010-02-26-03-mozilla-1.9.2/firefox-3.6.2pre.en-US.linux-i686.tar.bz2,20100226034912,1.9.2.2pre,a548323a9e66,mozilla-1.9.2
ftp.mozilla.org/pub/mozilla.org/firefox/nightly/2010/02/2010-02-27-03-mozilla-1.9.2/firefox-3.6.2pre.en-US.linux-i686.tar.bz2,20100227033843,1.9.2.2pre,ff7fcef1c23e,mozilla-1.9.2
ftp.mozilla.org/pub/mozilla.org/firefox/nightly/2010/02/2010-02-28-03-mozilla-1.9.2/firefox-3.6.2pre.en-US.linux-i686.tar.bz2,20100228033846,1.9.2.2pre,52d264a4d2f8,mozilla-1.9.2
ftp.mozilla.org/pub/mozilla.org/firefox/nightly/2010/03/2010-03-01-03-mozilla-1.9.2/firefox-3.6.2pre.en-US.linux-i686.tar.bz2,20100301034112,1.9.2.2pre,52d264a4d2f8,mozilla-1.9.2
ftp.mozilla.org/pub/mozilla.org/firefox/nightly/2010/03/2010-03-02-03-mozilla-1.9.2/firefox-3.6.2pre.en-US.linux-i686.tar.bz2,20100302033910,1.9.2.2pre,57f0e94ec132,mozilla-1.9.2
ftp.mozilla.org/pub/mozilla.org/firefox/nightly/2010/03/2010-03-03-03-mozilla-1.9.2/firefox-3.6.2pre.en-US.linux-i686.tar.bz2,20100303034313,1.9.2.2pre,67e821c356b7,mozilla-1.9.2
ftp.mozilla.org/pub/mozilla.org/firefox/nightly/2010/03/2010-03-04-03-mozilla-1.9.2/firefox-3.6.2pre.en-US.linux-i686.tar.bz2,20100304034746,1.9.2.2pre,3faa5eaead0a,mozilla-1.9.2
ftp.mozilla.org/pub/mozilla.org/firefox/nightly/2010/03/2010-03-05-03-mozilla-1.9.2/firefox-3.6.2pre.en-US.linux-i686.tar.bz2,20100305033823,1.9.2.2pre,6717ac6eafa4,mozilla-1.9.2
ftp.mozilla.org/pub/mozilla.org/firefox/nightly/2010/03/2010-03-06-03-mozilla-1.9.2/firefox-3.6.2pre.en-US.linux-i686.tar.bz2,20100306033856,1.9.2.2pre,ae59a9d6b719,mozilla-1.9.2
ftp.mozilla.org/pub/mozilla.org/firefox/nightly/2010/03/2010-03-07-03-mozilla-1.9.2/firefox-3.6.2pre.en-US.linux-i686.tar.bz2,20100307034158,1.9.2.2pre,ae59a9d6b719,mozilla-1.9.2
ftp.mozilla.org/pub/mozilla.org/firefox/nightly/2010/03/2010-03-08-03-mozilla-1.9.2/firefox-3.6.2pre.en-US.linux-i686.tar.bz2,20100308034546,1.9.2.2pre,ae59a9d6b719,mozilla-1.9.2
ftp.mozilla.org/pub/mozilla.org/firefox/nightly/2010/03/2010-03-09-03-mozilla-1.9.2/firefox-3.6.2pre.en-US.linux-i686.tar.bz2,20100309034042,1.9.2.2pre,c0840d0eb0c7,mozilla-1.9.2
ftp.mozilla.org/pub/mozilla.org/firefox/nightly/2010/03/2010-03-10-03-mozilla-1.9.2/firefox-3.6.2pre.en-US.linux-i686.tar.bz2,20100310033800,1.9.2.2pre,61e5436ac87c,mozilla-1.9.2
ftp.mozilla.org/pub/mozilla.org/firefox/nightly/2010/03/2010-03-11-03-mozilla-1.9.2/firefox-3.6.2pre.en-US.linux-i686.tar.bz2,20100311034146,1.9.2.2pre,4a8ddcbeef48,mozilla-1.9.2
ftp.mozilla.org/pub/mozilla.org/firefox/nightly/2010/03/2010-03-12-01-mozilla-1.9.2/firefox-3.6.2pre.en-US.linux-i686.tar.bz2,20100312015147,1.9.2.2pre,4a8ddcbeef48,mozilla-1.9.2
ftp.mozilla.org/pub/mozilla.org/firefox/nightly/2010/03/2010-03-13-01-mozilla-1.9.2/firefox-3.6.2pre.en-US.linux-i686.tar.bz2,20100313014201,1.9.2.2pre,ddc086030f76,mozilla-1.9.2
ftp.mozilla.org/pub/mozilla.org/firefox/nightly/2010/03/2010-03-14-14-mozilla-1.9.2/firefox-3.6.2pre.en-US.linux-i686.tar.bz2,20100314144233,1.9.2.2pre,282811d159ab,mozilla-1.9.2
ftp.mozilla.org/pub/mozilla.org/firefox/nightly/2010/03/2010-03-15-03-mozilla-1.9.2/firefox-3.6.2pre.en-US.linux-i686.tar.bz2,20100315033620,1.9.2.2pre,827a6883442f,mozilla-1.9.2
ftp.mozilla.org/pub/mozilla.org/firefox/nightly/2010/03/2010-03-16-03-mozilla-1.9.2/firefox-3.6.3pre.en-US.linux-i686.tar.bz2,20100316034011,1.9.2.3pre,dca79ffca449,mozilla-1.9.2
ftp.mozilla.org/pub/mozilla.org/firefox/nightly/2010/03/2010-03-17-03-mozilla-1.9.2/firefox-3.6.3pre.en-US.linux-i686.tar.bz2,20100317034938,1.9.2.3pre,dca79ffca449,mozilla-1.9.2
ftp.mozilla.org/pub/mozilla.org/firefox/nightly/2010/03/2010-03-18-03-mozilla-1.9.2/firefox-3.6.3pre.en-US.linux-i686.tar.bz2,20100318033729,1.9.2.3pre,dca79ffca449,mozilla-1.9.2
ftp.mozilla.org/pub/mozilla.org/firefox/nightly/2010/03/2010-03-19-03-mozilla-1.9.2/firefox-3.6.3pre.en-US.linux-i686.tar.bz2,20100319034015,1.9.2.3pre,dca79ffca449,mozilla-1.9.2
ftp.mozilla.org/pub/mozilla.org/firefox/nightly/2010/03/2010-03-20-03-mozilla-1.9.2/firefox-3.6.3pre.en-US.linux-i686.tar.bz2,20100320033750,1.9.2.3pre,dca79ffca449,mozilla-1.9.2
ftp.mozilla.org/pub/mozilla.org/firefox/nightly/2010/03/2010-03-21-03-mozilla-1.9.2/firefox-3.6.3pre.en-US.linux-i686.tar.bz2,20100321034018,1.9.2.3pre,dca79ffca449,mozilla-1.9.2
ftp.mozilla.org/pub/mozilla.org/firefox/nightly/2010/03/2010-03-22-04-mozilla-1.9.2/firefox-3.6.3pre.en-US.linux-i686.tar.bz2,20100322040144,1.9.2.3pre,dca79ffca449,mozilla-1.9.2
ftp.mozilla.org/pub/mozilla.org/firefox/nightly/2010/03/2010-03-23-03-mozilla-1.9.2/firefox-3.6.3pre.en-US.linux-i686.tar.bz2,20100323035541,1.9.2.3pre,3a6d01ad4e52,mozilla-1.9.2
ftp.mozilla.org/pub/mozilla.org/firefox/nightly/2010/03/2010-03-24-03-mozilla-1.9.2/firefox-3.6.3pre.en-US.linux-i686.tar.bz2,20100324034528,1.9.2.3pre,3a6d01ad4e52,mozilla-1.9.2
ftp.mozilla.org/pub/mozilla.org/firefox/nightly/2010/03/2010-03-25-03-mozilla-1.9.2/firefox-3.6.3pre.en-US.linux-i686.tar.bz2,20100325033838,1.9.2.3pre,ca4501b479e1,mozilla-1.9.2
ftp.mozilla.org/pub/mozilla.org/firefox/nightly/2010/03/2010-03-26-03-mozilla-1.9.2/firefox-3.6.3pre.en-US.linux-i686.tar.bz2,20100326035605,1.9.2.3pre,53b97163051a,mozilla-1.9.2
ftp.mozilla.org/pub/mozilla.org/firefox/nightly/2010/03/2010-03-27-03-mozilla-1.9.2/firefox-3.6.3pre.en-US.linux-i686.tar.bz2,20100327034001,1.9.2.3pre,45a5b2dfb738,mozilla-1.9.2
ftp.mozilla.org/pub/mozilla.org/firefox/nightly/2010/03/2010-03-28-03-mozilla-1.9.2/firefox-3.6.3pre.en-US.linux-i686.tar.bz2,20100328034051,1.9.2.3pre,45a5b2dfb738,mozilla-1.9.2
ftp.mozilla.org/pub/mozilla.org/firefox/nightly/2010/03/2010-03-29-03-mozilla-1.9.2/firefox-3.6.3pre.en-US.linux-i686.tar.bz2,20100329033839,1.9.2.3pre,45a5b2dfb738,mozilla-1.9.2
ftp.mozilla.org/pub/mozilla.org/firefox/nightly/2010/03/2010-03-30-03-mozilla-1.9.2/firefox-3.6.3pre.en-US.linux-i686.tar.bz2,20100330034324,1.9.2.3pre,499f6d27d231,mozilla-1.9.2
ftp.mozilla.org/pub/mozilla.org/firefox/nightly/2010/03/2010-03-31-03-mozilla-1.9.2/firefox-3.6.3pre.en-US.linux-i686.tar.bz2,20100331033824,1.9.2.3pre,499f6d27d231,mozilla-1.9.2
ftp.mozilla.org/pub/mozilla.org/firefox/nightly/2010/04/2010-04-01-03-mozilla-1.9.2/firefox-3.6.3pre.en-US.linux-i686.tar.bz2,20100401035720,1.9.2.3pre,32e8189050ad,mozilla-1.9.2
ftp.mozilla.org/pub/mozilla.org/firefox/nightly/2010/04/2010-04-02-03-mozilla-1.9.2/firefox-3.6.4pre.en-US.linux-i686.tar.bz2,20100402033316,1.9.2.4pre,8688a65bc7ce,mozilla-1.9.2
ftp.mozilla.org/pub/mozilla.org/firefox/nightly/2010/04/2010-04-03-03-mozilla-1.9.2/firefox-3.6.4pre.en-US.linux-i686.tar.bz2,20100403033255,1.9.2.4pre,e9ef872c6e15,mozilla-1.9.2
ftp.mozilla.org/pub/mozilla.org/firefox/nightly/2010/04/2010-04-04-03-mozilla-1.9.2/firefox-3.6.4pre.en-US.linux-i686.tar.bz2,20100404033602,1.9.2.4pre,e06632956519,mozilla-1.9.2
ftp.mozilla.org/pub/mozilla.org/firefox/nightly/2010/04/2010-04-05-03-mozilla-1.9.2/firefox-3.6.4pre.en-US.linux-i686.tar.bz2,20100405033753,1.9.2.4pre,e06632956519,mozilla-1.9.2
ftp.mozilla.org/pub/mozilla.org/firefox/nightly/2010/04/2010-04-06-03-mozilla-1.9.2/firefox-3.6.4pre.en-US.linux-i686.tar.bz2,20100406033531,1.9.2.4pre,965a31dcde02,mozilla-1.9.2
ftp.mozilla.org/pub/mozilla.org/firefox/nightly/2010/04/2010-04-07-03-mozilla-1.9.2/firefox-3.6.4pre.en-US.linux-i686.tar.bz2,20100407034218,1.9.2.4pre,a2ab794bfff4,mozilla-1.9.2
ftp.mozilla.org/pub/mozilla.org/firefox/nightly/2010/04/2010-04-07-09-mozilla-1.9.2/firefox-3.6.4pre.en-US.linux-i686.tar.bz2,20100407093150,1.9.2.4pre,ec534329e186,mozilla-1.9.2
ftp.mozilla.org/pub/mozilla.org/firefox/nightly/2010/04/2010-04-08-04-mozilla-1.9.2/firefox-3.6.4pre.en-US.linux-i686.tar.bz2,20100408040619,1.9.2.4pre,183798d66e35,mozilla-1.9.2
ftp.mozilla.org/pub/mozilla.org/firefox/nightly/2010/04/2010-04-09-03-mozilla-1.9.2/firefox-3.6.4pre.en-US.linux-i686.tar.bz2,20100409035715,1.9.2.4pre,b2b5137c9473,mozilla-1.9.2
ftp.mozilla.org/pub/mozilla.org/firefox/nightly/2010/04/2010-04-10-03-mozilla-1.9.2/firefox-3.6.4pre.en-US.linux-i686.tar.bz2,20100410035531,1.9.2.4pre,f9ba867bf971,mozilla-1.9.2
ftp.mozilla.org/pub/mozilla.org/firefox/nightly/2010/04/2010-04-11-03-mozilla-1.9.2/firefox-3.6.4pre.en-US.linux-i686.tar.bz2,20100411035236,1.9.2.4pre,a82195fe433e,mozilla-1.9.2
ftp.mozilla.org/pub/mozilla.org/firefox/nightly/2010/04/2010-04-12-03-mozilla-1.9.2/firefox-3.6.4pre.en-US.linux-i686.tar.bz2,20100412035755,1.9.2.4pre,1c16bdc50547,mozilla-1.9.2
ftp.mozilla.org/pub/mozilla.org/firefox/nightly/2010/04/2010-04-13-03-mozilla-1.9.2/firefox-3.6.4pre.en-US.linux-i686.tar.bz2,20100413034900,1.9.2.4pre,91a46b3f3f97,mozilla-1.9.2
ftp.mozilla.org/pub/mozilla.org/firefox/nightly/2010/04/2010-04-14-03-mozilla-1.9.2/firefox-3.6.5pre.en-US.linux-i686.tar.bz2,20100414035348,1.9.2.5pre,19098a0eb266,mozilla-1.9.2
ftp.mozilla.org/pub/mozilla.org/firefox/nightly/2010/04/2010-04-15-03-mozilla-1.9.2/firefox-3.6.5pre.en-US.linux-i686.tar.bz2,20100415033445,1.9.2.5pre,c846b94321ee,mozilla-1.9.2
ftp.mozilla.org/pub/mozilla.org/firefox/nightly/2010/04/2010-04-16-03-mozilla-1.9.2/firefox-3.6.5pre.en-US.linux-i686.tar.bz2,20100416033334,1.9.2.5pre,c846b94321ee,mozilla-1.9.2
ftp.mozilla.org/pub/mozilla.org/firefox/nightly/2010/04/2010-04-17-03-mozilla-1.9.2/firefox-3.6.5pre.en-US.linux-i686.tar.bz2,20100417033723,1.9.2.5pre,aa6fbe509ca6,mozilla-1.9.2
ftp.mozilla.org/pub/mozilla.org/firefox/nightly/2010/04/2010-04-18-03-mozilla-1.9.2/firefox-3.6.5pre.en-US.linux-i686.tar.bz2,20100418033300,1.9.2.5pre,aa6fbe509ca6,mozilla-1.9.2
ftp.mozilla.org/pub/mozilla.org/firefox/nightly/2010/04/2010-04-19-03-mozilla-1.9.2/firefox-3.6.5pre.en-US.linux-i686.tar.bz2,20100419033223,1.9.2.5pre,aa6fbe509ca6,mozilla-1.9.2
ftp.mozilla.org/pub/mozilla.org/firefox/nightly/2010/04/2010-04-20-03-mozilla-1.9.2/firefox-3.6.5pre.en-US.linux-i686.tar.bz2,20100420034322,1.9.2.5pre,aa6fbe509ca6,mozilla-1.9.2
ftp.mozilla.org/pub/mozilla.org/firefox/nightly/2010/04/2010-04-21-03-mozilla-1.9.2/firefox-3.6.5pre.en-US.linux-i686.tar.bz2,20100421035927,1.9.2.5pre,aa6fbe509ca6,mozilla-1.9.2
ftp.mozilla.org/pub/mozilla.org/firefox/nightly/2010/04/2010-04-23-03-mozilla-1.9.2/firefox-3.6.5pre.en-US.linux-i686.tar.bz2,20100423033545,1.9.2.5pre,488616ffdc6a,mozilla-1.9.2
ftp.mozilla.org/pub/mozilla.org/firefox/nightly/2010/04/2010-04-24-03-mozilla-1.9.2/firefox-3.6.5pre.en-US.linux-i686.tar.bz2,20100424033428,1.9.2.5pre,696564543249,mozilla-1.9.2
ftp.mozilla.org/pub/mozilla.org/firefox/nightly/2010/04/2010-04-25-03-mozilla-1.9.2/firefox-3.6.5pre.en-US.linux-i686.tar.bz2,20100425033623,1.9.2.5pre,696564543249,mozilla-1.9.2
ftp.mozilla.org/pub/mozilla.org/firefox/nightly/2010/04/2010-04-26-03-mozilla-1.9.2/firefox-3.6.5pre.en-US.linux-i686.tar.bz2,20100426033400,1.9.2.5pre,696564543249,mozilla-1.9.2
ftp.mozilla.org/pub/mozilla.org/firefox/nightly/2010/04/2010-04-27-03-mozilla-1.9.2/firefox-3.6.5pre.en-US.linux-i686.tar.bz2,20100427035756,1.9.2.5pre,fff88cceef9d,mozilla-1.9.2
ftp.mozilla.org/pub/mozilla.org/firefox/nightly/2010/04/2010-04-28-03-mozilla-1.9.2/firefox-3.6.5pre.en-US.linux-i686.tar.bz2,20100428035930,1.9.2.5pre,86ec082e2e1b,mozilla-1.9.2
ftp.mozilla.org/pub/mozilla.org/firefox/nightly/2010/04/2010-04-28-11-mozilla-1.9.2/firefox-3.6.5pre.en-US.linux-i686.tar.bz2,20100428112911,1.9.2.5pre,4d8528a0838a,mozilla-1.9.2
ftp.mozilla.org/pub/mozilla.org/firefox/nightly/2010/04/2010-04-29-03-mozilla-1.9.2/firefox-3.6.5pre.en-US.linux-i686.tar.bz2,20100429034241,1.9.2.5pre,99846558f1fb,mozilla-1.9.2
ftp.mozilla.org/pub/mozilla.org/firefox/nightly/2010/04/2010-04-30-03-mozilla-1.9.2/firefox-3.6.5pre.en-US.linux-i686.tar.bz2,20100430034905,1.9.2.5pre,410e8b21dfeb,mozilla-1.9.2
ftp.mozilla.org/pub/mozilla.org/firefox/nightly/2010/04/2010-04-30-13-mozilla-1.9.2/firefox-3.6.5pre.en-US.linux-i686.tar.bz2,20100430134733,1.9.2.5pre,d1aab61eb130,mozilla-1.9.2
ftp.mozilla.org/pub/mozilla.org/firefox/nightly/2010/05/2010-05-01-03-mozilla-1.9.2/firefox-3.6.5pre.en-US.linux-i686.tar.bz2,20100501034821,1.9.2.5pre,d1aab61eb130,mozilla-1.9.2
ftp.mozilla.org/pub/mozilla.org/firefox/nightly/2010/05/2010-05-02-03-mozilla-1.9.2/firefox-3.6.5pre.en-US.linux-i686.tar.bz2,20100502034828,1.9.2.5pre,d1aab61eb130,mozilla-1.9.2
ftp.mozilla.org/pub/mozilla.org/firefox/nightly/2010/05/2010-05-03-03-mozilla-1.9.2/firefox-3.6.5pre.en-US.linux-i686.tar.bz2,20100503034802,1.9.2.5pre,82029072178f,mozilla-1.9.2
ftp.mozilla.org/pub/mozilla.org/firefox/nightly/2010/05/2010-05-04-03-mozilla-1.9.2/firefox-3.6.5pre.en-US.linux-i686.tar.bz2,20100504034902,1.9.2.5pre,9abae22747f5,mozilla-1.9.2
ftp.mozilla.org/pub/mozilla.org/firefox/nightly/2010/05/2010-05-05-03-mozilla-1.9.2/firefox-3.6.5pre.en-US.linux-i686.tar.bz2,20100505034852,1.9.2.5pre,9abae22747f5,mozilla-1.9.2
ftp.mozilla.org/pub/mozilla.org/firefox/nightly/2010/05/2010-05-06-03-mozilla-1.9.2/firefox-3.6.5pre.en-US.linux-i686.tar.bz2,20100506033540,1.9.2.5pre,9abae22747f5,mozilla-1.9.2
ftp.mozilla.org/pub/mozilla.org/firefox/nightly/2010/05/2010-05-07-03-mozilla-1.9.2/firefox-3.6.5pre.en-US.linux-i686.tar.bz2,20100507033313,1.9.2.5pre,e15bd0e4e549,mozilla-1.9.2
ftp.mozilla.org/pub/mozilla.org/firefox/nightly/2010/05/2010-05-08-03-mozilla-1.9.2/firefox-3.6.5pre.en-US.linux-i686.tar.bz2,20100508033139,1.9.2.5pre,e15bd0e4e549,mozilla-1.9.2
ftp.mozilla.org/pub/mozilla.org/firefox/nightly/2010/05/2010-05-09-03-mozilla-1.9.2/firefox-3.6.5pre.en-US.linux-i686.tar.bz2,20100509033209,1.9.2.5pre,e15bd0e4e549,mozilla-1.9.2
ftp.mozilla.org/pub/mozilla.org/firefox/nightly/2010/05/2010-05-10-03-mozilla-1.9.2/firefox-3.6.5pre.en-US.linux-i686.tar.bz2,20100510033142,1.9.2.5pre,e15bd0e4e549,mozilla-1.9.2
ftp.mozilla.org/pub/mozilla.org/firefox/nightly/2010/05/2010-05-11-03-mozilla-1.9.2/firefox-3.6.5pre.en-US.linux-i686.tar.bz2,20100511033207,1.9.2.5pre,e15bd0e4e549,mozilla-1.9.2
ftp.mozilla.org/pub/mozilla.org/firefox/nightly/2010/05/2010-05-12-03-mozilla-1.9.2/firefox-3.6.5pre.en-US.linux-i686.tar.bz2,20100512033021,1.9.2.5pre,aface486f2e4,mozilla-1.9.2
ftp.mozilla.org/pub/mozilla.org/firefox/nightly/2010/05/2010-05-13-03-mozilla-1.9.2/firefox-3.6.5pre.en-US.linux-i686.tar.bz2,20100513033123,1.9.2.5pre,1abd6c14ada1,mozilla-1.9.2
ftp.mozilla.org/pub/mozilla.org/firefox/nightly/2010/05/2010-05-14-03-mozilla-1.9.2/firefox-3.6.5pre.en-US.linux-i686.tar.bz2,20100514033140,1.9.2.5pre,869990a16d06,mozilla-1.9.2
ftp.mozilla.org/pub/mozilla.org/firefox/nightly/2010/05/2010-05-15-03-mozilla-1.9.2/firefox-3.6.5pre.en-US.linux-i686.tar.bz2,20100515033146,1.9.2.5pre,657596c2e7d7,mozilla-1.9.2
ftp.mozilla.org/pub/mozilla.org/firefox/nightly/2010/05/2010-05-16-03-mozilla-1.9.2/firefox-3.6.5pre.en-US.linux-i686.tar.bz2,20100516033219,1.9.2.5pre,657596c2e7d7,mozilla-1.9.2
ftp.mozilla.org/pub/mozilla.org/firefox/nightly/2010/05/2010-05-17-03-mozilla-1.9.2/firefox-3.6.5pre.en-US.linux-i686.tar.bz2,20100517033057,1.9.2.5pre,61a692b7799f,mozilla-1.9.2
ftp.mozilla.org/pub/mozilla.org/firefox/nightly/2010/05/2010-05-18-03-mozilla-1.9.2/firefox-3.6.5pre.en-US.linux-i686.tar.bz2,20100518033133,1.9.2.5pre,61a692b7799f,mozilla-1.9.2
ftp.mozilla.org/pub/mozilla.org/firefox/nightly/2010/05/2010-05-19-03-mozilla-1.9.2/firefox-3.6.5pre.en-US.linux-i686.tar.bz2,20100519033130,1.9.2.5pre,daadd4051a15,mozilla-1.9.2
ftp.mozilla.org/pub/mozilla.org/firefox/nightly/2010/05/2010-05-20-03-mozilla-1.9.2/firefox-3.6.5pre.en-US.linux-i686.tar.bz2,20100520033149,1.9.2.5pre,c445ad2d1534,mozilla-1.9.2
ftp.mozilla.org/pub/mozilla.org/firefox/nightly/2010/05/2010-05-21-03-mozilla-1.9.2/firefox-3.6.5pre.en-US.linux-i686.tar.bz2,20100521033159,1.9.2.5pre,c445ad2d1534,mozilla-1.9.2
ftp.mozilla.org/pub/mozilla.org/firefox/nightly/2010/05/2010-05-22-03-mozilla-1.9.2/firefox-3.6.5pre.en-US.linux-i686.tar.bz2,20100522033105,1.9.2.5pre,c445ad2d1534,mozilla-1.9.2
ftp.mozilla.org/pub/mozilla.org/firefox/nightly/2010/05/2010-05-23-03-mozilla-1.9.2/firefox-3.6.5pre.en-US.linux-i686.tar.bz2,20100523033228,1.9.2.5pre,c445ad2d1534,mozilla-1.9.2
ftp.mozilla.org/pub/mozilla.org/firefox/nightly/2010/05/2010-05-24-03-mozilla-1.9.2/firefox-3.6.5pre.en-US.linux-i686.tar.bz2,20100524033133,1.9.2.5pre,e928c8cf24c3,mozilla-1.9.2
ftp.mozilla.org/pub/mozilla.org/firefox/nightly/2010/05/2010-05-25-03-mozilla-1.9.2/firefox-3.6.5pre.en-US.linux-i686.tar.bz2,20100525033149,1.9.2.5pre,17391b64e790,mozilla-1.9.2
ftp.mozilla.org/pub/mozilla.org/firefox/nightly/2010/05/2010-05-26-03-mozilla-1.9.2/firefox-3.6.5pre.en-US.linux-i686.tar.bz2,20100526033002,1.9.2.5pre,1bad18064ab6,mozilla-1.9.2
ftp.mozilla.org/pub/mozilla.org/firefox/nightly/2010/05/2010-05-27-03-mozilla-1.9.2/firefox-3.6.5pre.en-US.linux-i686.tar.bz2,20100527033006,1.9.2.5pre,de8139bb4aa7,mozilla-1.9.2
ftp.mozilla.org/pub/mozilla.org/firefox/nightly/2010/05/2010-05-28-03-mozilla-1.9.2/firefox-3.6.5pre.en-US.linux-i686.tar.bz2,20100528032951,1.9.2.5pre,485a0b292661,mozilla-1.9.2
ftp.mozilla.org/pub/mozilla.org/firefox/nightly/2010/05/2010-05-29-03-mozilla-1.9.2/firefox-3.6.5pre.en-US.linux-i686.tar.bz2,20100529033004,1.9.2.5pre,485a0b292661,mozilla-1.9.2
ftp.mozilla.org/pub/mozilla.org/firefox/nightly/2010/05/2010-05-30-03-mozilla-1.9.2/firefox-3.6.5pre.en-US.linux-i686.tar.bz2,20100530033021,1.9.2.5pre,485a0b292661,mozilla-1.9.2
ftp.mozilla.org/pub/mozilla.org/firefox/nightly/2010/05/2010-05-31-03-mozilla-1.9.2/firefox-3.6.5pre.en-US.linux-i686.tar.bz2,20100531032939,1.9.2.5pre,485a0b292661,mozilla-1.9.2
ftp.mozilla.org/pub/mozilla.org/firefox/nightly/2010/06/2010-06-01-03-mozilla-1.9.2/firefox-3.6.5pre.en-US.linux-i686.tar.bz2,20100601032940,1.9.2.5pre,485a0b292661,mozilla-1.9.2
ftp.mozilla.org/pub/mozilla.org/firefox/nightly/2010/06/2010-06-02-03-mozilla-1.9.2/firefox-3.6.5pre.en-US.linux-i686.tar.bz2,20100602033113,1.9.2.5pre,2cb83e106cf7,mozilla-1.9.2
ftp.mozilla.org/pub/mozilla.org/firefox/nightly/2010/06/2010-06-03-03-mozilla-1.9.2/firefox-3.6.6pre.en-US.linux-i686.tar.bz2,20100603033019,1.9.2.6pre,585423cb9ee1,mozilla-1.9.2
ftp.mozilla.org/pub/mozilla.org/firefox/nightly/2010/06/2010-06-04-03-mozilla-1.9.2/firefox-3.6.6pre.en-US.linux-i686.tar.bz2,20100604032930,1.9.2.6pre,85d0f45dc6d8,mozilla-1.9.2
ftp.mozilla.org/pub/mozilla.org/firefox/nightly/2010/06/2010-06-05-03-mozilla-1.9.2/firefox-3.6.6pre.en-US.linux-i686.tar.bz2,20100605032939,1.9.2.6pre,4ce833a970d7,mozilla-1.9.2
ftp.mozilla.org/pub/mozilla.org/firefox/nightly/2010/06/2010-06-06-03-mozilla-1.9.2/firefox-3.6.6pre.en-US.linux-i686.tar.bz2,20100606033108,1.9.2.6pre,4ce833a970d7,mozilla-1.9.2
ftp.mozilla.org/pub/mozilla.org/firefox/nightly/2010/06/2010-06-07-03-mozilla-1.9.2/firefox-3.6.6pre.en-US.linux-i686.tar.bz2,20100607032933,1.9.2.6pre,4ce833a970d7,mozilla-1.9.2
ftp.mozilla.org/pub/mozilla.org/firefox/nightly/2010/06/2010-06-08-03-mozilla-1.9.2/firefox-3.6.6pre.en-US.linux-i686.tar.bz2,20100608032933,1.9.2.6pre,09df590981f0,mozilla-1.9.2
ftp.mozilla.org/pub/mozilla.org/firefox/nightly/2010/06/2010-06-09-03-mozilla-1.9.2/firefox-3.6.6pre.en-US.linux-i686.tar.bz2,20100609032930,1.9.2.6pre,a706e2be9d13,mozilla-1.9.2
ftp.mozilla.org/pub/mozilla.org/firefox/nightly/2010/06/2010-06-10-03-mozilla-1.9.2/firefox-3.6.6pre.en-US.linux-i686.tar.bz2,20100610033121,1.9.2.6pre,9716c797df5b,mozilla-1.9.2
ftp.mozilla.org/pub/mozilla.org/firefox/nightly/2010/06/2010-06-11-03-mozilla-1.9.2/firefox-3.6.6pre.en-US.linux-i686.tar.bz2,20100611033035,1.9.2.6pre,9716c797df5b,mozilla-1.9.2
ftp.mozilla.org/pub/mozilla.org/firefox/nightly/2010/06/2010-06-12-03-mozilla-1.9.2/firefox-3.6.6pre.en-US.linux-i686.tar.bz2,20100612033041,1.9.2.6pre,5a4db3e2a4e4,mozilla-1.9.2
ftp.mozilla.org/pub/mozilla.org/firefox/nightly/2010/06/2010-06-13-03-mozilla-1.9.2/firefox-3.6.6pre.en-US.linux-i686.tar.bz2,20100613033116,1.9.2.6pre,0fb56c49d1e9,mozilla-1.9.2
ftp.mozilla.org/pub/mozilla.org/firefox/nightly/2010/06/2010-06-14-03-mozilla-1.9.2/firefox-3.6.6pre.en-US.linux-i686.tar.bz2,20100614033103,1.9.2.6pre,7c3523614fb1,mozilla-1.9.2
ftp.mozilla.org/pub/mozilla.org/firefox/nightly/2010/06/2010-06-15-03-mozilla-1.9.2/firefox-3.6.6pre.en-US.linux-i686.tar.bz2,20100615032931,1.9.2.6pre,8478cfe10e43,mozilla-1.9.2
ftp.mozilla.org/pub/mozilla.org/firefox/nightly/2010/06/2010-06-16-03-mozilla-1.9.2/firefox-3.6.6pre.en-US.linux-i686.tar.bz2,20100616032947,1.9.2.6pre,113a1f6c3f8a,mozilla-1.9.2
ftp.mozilla.org/pub/mozilla.org/firefox/nightly/2010/06/2010-06-16-06-mozilla-1.9.2/firefox-3.6.6pre.en-US.linux-i686.tar.bz2,20100616064428,1.9.2.6pre,113a1f6c3f8a,mozilla-1.9.2
ftp.mozilla.org/pub/mozilla.org/firefox/nightly/2010/06/2010-06-17-03-mozilla-1.9.2/firefox-3.6.6pre.en-US.linux-i686.tar.bz2,20100617034023,1.9.2.6pre,a011dbe8896f,mozilla-1.9.2
ftp.mozilla.org/pub/mozilla.org/firefox/nightly/2010/06/2010-06-18-03-mozilla-1.9.2/firefox-3.6.6pre.en-US.linux-i686.tar.bz2,20100618033421,1.9.2.6pre,a011dbe8896f,mozilla-1.9.2
ftp.mozilla.org/pub/mozilla.org/firefox/nightly/2010/06/2010-06-19-03-mozilla-1.9.2/firefox-3.6.6pre.en-US.linux-i686.tar.bz2,20100619033410,1.9.2.6pre,ee1f680f37a1,mozilla-1.9.2
ftp.mozilla.org/pub/mozilla.org/firefox/nightly/2010/06/2010-06-19-21-mozilla-1.9.2/firefox-3.6.6pre.en-US.linux-i686.tar.bz2,20100619213457,1.9.2.6pre,843a6782d3f1,mozilla-1.9.2
ftp.mozilla.org/pub/mozilla.org/firefox/nightly/2010/06/2010-06-20-03-mozilla-1.9.2/firefox-3.6.6pre.en-US.linux-i686.tar.bz2,20100620033335,1.9.2.6pre,497893913a7a,mozilla-1.9.2
ftp.mozilla.org/pub/mozilla.org/firefox/nightly/2010/06/2010-06-21-03-mozilla-1.9.2/firefox-3.6.6pre.en-US.linux-i686.tar.bz2,20100621033432,1.9.2.6pre,781a027428c7,mozilla-1.9.2
ftp.mozilla.org/pub/mozilla.org/firefox/nightly/2010/06/2010-06-22-03-mozilla-1.9.2/firefox-3.6.6pre.en-US.linux-i686.tar.bz2,20100622033420,1.9.2.6pre,a58c254dee96,mozilla-1.9.2
ftp.mozilla.org/pub/mozilla.org/firefox/nightly/2010/06/2010-06-23-03-mozilla-1.9.2/firefox-3.6.6pre.en-US.linux-i686.tar.bz2,20100623033406,1.9.2.6pre,8ac0dfc2a34a,mozilla-1.9.2
ftp.mozilla.org/pub/mozilla.org/firefox/nightly/2010/06/2010-06-24-03-mozilla-1.9.2/firefox-3.6.6pre.en-US.linux-i686.tar.bz2,20100624033159,1.9.2.6pre,4b8165a8d602,mozilla-1.9.2
ftp.mozilla.org/pub/mozilla.org/firefox/nightly/2010/06/2010-06-25-03-mozilla-1.9.2/firefox-3.6.6pre.en-US.linux-i686.tar.bz2,20100625033442,1.9.2.6pre,7dca7be78aad,mozilla-1.9.2
ftp.mozilla.org/pub/mozilla.org/firefox/nightly/2010/06/2010-06-26-03-mozilla-1.9.2/firefox-3.6.7pre.en-US.linux-i686.tar.bz2,20100626033915,1.9.2.7pre,98888b2f3bf8,mozilla-1.9.2
ftp.mozilla.org/pub/mozilla.org/firefox/nightly/2010/06/2010-06-27-03-mozilla-1.9.2/firefox-3.6.7pre.en-US.linux-i686.tar.bz2,20100627033225,1.9.2.7pre,98888b2f3bf8,mozilla-1.9.2
ftp.mozilla.org/pub/mozilla.org/firefox/nightly/2010/06/2010-06-28-03-mozilla-1.9.2/firefox-3.6.7pre.en-US.linux-i686.tar.bz2,20100628033146,1.9.2.7pre,98888b2f3bf8,mozilla-1.9.2
ftp.mozilla.org/pub/mozilla.org/firefox/nightly/2010/06/2010-06-29-03-mozilla-1.9.2/firefox-3.6.7pre.en-US.linux-i686.tar.bz2,20100629033755,1.9.2.7pre,1151e590b153,mozilla-1.9.2
ftp.mozilla.org/pub/mozilla.org/firefox/nightly/2010/06/2010-06-30-03-mozilla-1.9.2/firefox-3.6.7pre.en-US.linux-i686.tar.bz2,20100630033343,1.9.2.7pre,93ebcdb7a0a8,mozilla-1.9.2
ftp.mozilla.org/pub/mozilla.org/firefox/nightly/2010/07/2010-07-01-03-mozilla-1.9.2/firefox-3.6.7pre.en-US.linux-i686.tar.bz2,20100701033541,1.9.2.7pre,69bc40a0e08c,mozilla-1.9.2
ftp.mozilla.org/pub/mozilla.org/firefox/nightly/2010/07/2010-07-02-03-mozilla-1.9.2/firefox-3.6.8pre.en-US.linux-i686.tar.bz2,20100702033055,1.9.2.8pre,c4bde810db3f,mozilla-1.9.2
ftp.mozilla.org/pub/mozilla.org/firefox/nightly/2010/07/2010-07-03-03-mozilla-1.9.2/firefox-3.6.8pre.en-US.linux-i686.tar.bz2,20100703033018,1.9.2.8pre,c4bde810db3f,mozilla-1.9.2
ftp.mozilla.org/pub/mozilla.org/firefox/nightly/2010/07/2010-07-04-03-mozilla-1.9.2/firefox-3.6.8pre.en-US.linux-i686.tar.bz2,20100704034012,1.9.2.8pre,c4bde810db3f,mozilla-1.9.2
ftp.mozilla.org/pub/mozilla.org/firefox/nightly/2010/07/2010-07-05-03-mozilla-1.9.2/firefox-3.6.8pre.en-US.linux-i686.tar.bz2,20100705033228,1.9.2.8pre,c4bde810db3f,mozilla-1.9.2
ftp.mozilla.org/pub/mozilla.org/firefox/nightly/2010/07/2010-07-06-03-mozilla-1.9.2/firefox-3.6.8pre.en-US.linux-i686.tar.bz2,20100706033217,1.9.2.8pre,c4bde810db3f,mozilla-1.9.2
ftp.mozilla.org/pub/mozilla.org/firefox/nightly/2010/07/2010-07-07-03-mozilla-1.9.2/firefox-3.6.8pre.en-US.linux-i686.tar.bz2,20100707032951,1.9.2.8pre,c4bde810db3f,mozilla-1.9.2
ftp.mozilla.org/pub/mozilla.org/firefox/nightly/2010/07/2010-07-08-03-mozilla-1.9.2/firefox-3.6.8pre.en-US.linux-i686.tar.bz2,20100708033210,1.9.2.8pre,c4bde810db3f,mozilla-1.9.2
ftp.mozilla.org/pub/mozilla.org/firefox/nightly/2010/07/2010-07-09-03-mozilla-1.9.2/firefox-3.6.8pre.en-US.linux-i686.tar.bz2,20100709032956,1.9.2.8pre,c4bde810db3f,mozilla-1.9.2
ftp.mozilla.org/pub/mozilla.org/firefox/nightly/2010/07/2010-07-10-03-mozilla-1.9.2/firefox-3.6.8pre.en-US.linux-i686.tar.bz2,20100710033121,1.9.2.8pre,c4bde810db3f,mozilla-1.9.2
ftp.mozilla.org/pub/mozilla.org/firefox/nightly/2010/07/2010-07-11-03-mozilla-1.9.2/firefox-3.6.8pre.en-US.linux-i686.tar.bz2,20100711033114,1.9.2.8pre,c4bde810db3f,mozilla-1.9.2
ftp.mozilla.org/pub/mozilla.org/firefox/nightly/2010/07/2010-07-12-03-mozilla-1.9.2/firefox-3.6.8pre.en-US.linux-i686.tar.bz2,20100712033203,1.9.2.8pre,c4bde810db3f,mozilla-1.9.2
ftp.mozilla.org/pub/mozilla.org/firefox/nightly/2010/07/2010-07-13-03-mozilla-1.9.2/firefox-3.6.8pre.en-US.linux-i686.tar.bz2,20100713032950,1.9.2.8pre,d6d2c572d791,mozilla-1.9.2
ftp.mozilla.org/pub/mozilla.org/firefox/nightly/2010/07/2010-07-14-03-mozilla-1.9.2/firefox-3.6.8pre.en-US.linux-i686.tar.bz2,20100714033024,1.9.2.8pre,d6d2c572d791,mozilla-1.9.2
ftp.mozilla.org/pub/mozilla.org/firefox/nightly/2010/07/2010-07-15-03-mozilla-1.9.2/firefox-3.6.8pre.en-US.linux-i686.tar.bz2,20100715033121,1.9.2.8pre,91d35aa7ca21,mozilla-1.9.2
ftp.mozilla.org/pub/mozilla.org/firefox/nightly/2010/07/2010-07-16-03-mozilla-1.9.2/firefox-3.6.8pre.en-US.linux-i686.tar.bz2,20100716033052,1.9.2.8pre,228d5ccfddc3,mozilla-1.9.2
ftp.mozilla.org/pub/mozilla.org/firefox/nightly/2010/07/2010-07-17-03-mozilla-1.9.2/firefox-3.6.8pre.en-US.linux-i686.tar.bz2,20100717032948,1.9.2.8pre,df760e6d4ddc,mozilla-1.9.2
ftp.mozilla.org/pub/mozilla.org/firefox/nightly/2010/07/2010-07-18-03-mozilla-1.9.2/firefox-3.6.8pre.en-US.linux-i686.tar.bz2,20100718033559,1.9.2.8pre,5d60b8125b69,mozilla-1.9.2
ftp.mozilla.org/pub/mozilla.org/firefox/nightly/2010/07/2010-07-19-03-mozilla-1.9.2/firefox-3.6.8pre.en-US.linux-i686.tar.bz2,20100719033529,1.9.2.8pre,5d60b8125b69,mozilla-1.9.2
ftp.mozilla.org/pub/mozilla.org/firefox/nightly/2010/07/2010-07-20-03-mozilla-1.9.2/firefox-3.6.8pre.en-US.linux-i686.tar.bz2,20100720032931,1.9.2.8pre,5d60b8125b69,mozilla-1.9.2
ftp.mozilla.org/pub/mozilla.org/firefox/nightly/2010/07/2010-07-20-16-mozilla-1.9.2/firefox-3.6.9pre.en-US.linux-i686.tar.bz2,20100720165552,1.9.2.9pre,57fa88b806c5,mozilla-1.9.2
ftp.mozilla.org/pub/mozilla.org/firefox/nightly/2010/07/2010-07-21-03-mozilla-1.9.2/firefox-3.6.8pre.en-US.linux-i686.tar.bz2,20100721033254,1.9.2.8pre,5d60b8125b69,mozilla-1.9.2
ftp.mozilla.org/pub/mozilla.org/firefox/nightly/2010/07/2010-07-22-03-mozilla-1.9.2/firefox-3.6.8pre.en-US.linux-i686.tar.bz2,20100722033109,1.9.2.8pre,5d60b8125b69,mozilla-1.9.2
ftp.mozilla.org/pub/mozilla.org/firefox/nightly/2010/07/2010-07-24-03-mozilla-1.9.2/firefox-3.6.9pre.en-US.linux-i686.tar.bz2,20100724033106,1.9.2.9pre,4300e79948ec,mozilla-1.9.2
ftp.mozilla.org/pub/mozilla.org/firefox/nightly/2010/07/2010-07-25-03-mozilla-1.9.2/firefox-3.6.9pre.en-US.linux-i686.tar.bz2,20100725033024,1.9.2.9pre,d4e85eb1174b,mozilla-1.9.2
ftp.mozilla.org/pub/mozilla.org/firefox/nightly/2010/07/2010-07-26-03-mozilla-1.9.2/firefox-3.6.9pre.en-US.linux-i686.tar.bz2,20100726033024,1.9.2.9pre,d4e85eb1174b,mozilla-1.9.2
ftp.mozilla.org/pub/mozilla.org/firefox/nightly/2010/07/2010-07-27-03-mozilla-1.9.2/firefox-3.6.9pre.en-US.linux-i686.tar.bz2,20100727033139,1.9.2.9pre,04193f2b9f27,mozilla-1.9.2
ftp.mozilla.org/pub/mozilla.org/firefox/nightly/2010/07/2010-07-28-03-mozilla-1.9.2/firefox-3.6.9pre.en-US.linux-i686.tar.bz2,20100728033146,1.9.2.9pre,53d164e4a461,mozilla-1.9.2
ftp.mozilla.org/pub/mozilla.org/firefox/nightly/2010/07/2010-07-29-03-mozilla-1.9.2/firefox-3.6.9pre.en-US.linux-i686.tar.bz2,20100729033111,1.9.2.9pre,53d164e4a461,mozilla-1.9.2
ftp.mozilla.org/pub/mozilla.org/firefox/nightly/2010/07/2010-07-30-03-mozilla-1.9.2/firefox-3.6.9pre.en-US.linux-i686.tar.bz2,20100730034152,1.9.2.9pre,02c4c024cf25,mozilla-1.9.2
ftp.mozilla.org/pub/mozilla.org/firefox/nightly/2010/07/2010-07-31-03-mozilla-1.9.2/firefox-3.6.9pre.en-US.linux-i686.tar.bz2,20100731032924,1.9.2.9pre,7bbc64499579,mozilla-1.9.2
ftp.mozilla.org/pub/mozilla.org/firefox/nightly/2010/08/2010-08-01-03-mozilla-1.9.2/firefox-3.6.9pre.en-US.linux-i686.tar.bz2,20100801033953,1.9.2.9pre,7bbc64499579,mozilla-1.9.2
ftp.mozilla.org/pub/mozilla.org/firefox/nightly/2010/08/2010-08-02-03-mozilla-1.9.2/firefox-3.6.9pre.en-US.linux-i686.tar.bz2,20100802033039,1.9.2.9pre,7bbc64499579,mozilla-1.9.2
ftp.mozilla.org/pub/mozilla.org/firefox/nightly/2010/08/2010-08-03-03-mozilla-1.9.2/firefox-3.6.9pre.en-US.linux-i686.tar.bz2,20100803033041,1.9.2.9pre,164d166a913f,mozilla-1.9.2
ftp.mozilla.org/pub/mozilla.org/firefox/nightly/2010/08/2010-08-04-03-mozilla-1.9.2/firefox-3.6.9pre.en-US.linux-i686.tar.bz2,20100804033016,1.9.2.9pre,222bcfc9fc8c,mozilla-1.9.2
ftp.mozilla.org/pub/mozilla.org/firefox/nightly/2010/08/2010-08-05-03-mozilla-1.9.2/firefox-3.6.9pre.en-US.linux-i686.tar.bz2,20100805035038,1.9.2.9pre,323adb1ff10a,mozilla-1.9.2
ftp.mozilla.org/pub/mozilla.org/firefox/nightly/2010/08/2010-08-06-03-mozilla-1.9.2/firefox-3.6.9pre.en-US.linux-i686.tar.bz2,20100806034322,1.9.2.9pre,dedd825272e3,mozilla-1.9.2
ftp.mozilla.org/pub/mozilla.org/firefox/nightly/2010/08/2010-08-07-03-mozilla-1.9.2/firefox-3.6.9pre.en-US.linux-i686.tar.bz2,20100807033016,1.9.2.9pre,a6624c6bd155,mozilla-1.9.2
ftp.mozilla.org/pub/mozilla.org/firefox/nightly/2010/08/2010-08-08-03-mozilla-1.9.2/firefox-3.6.9pre.en-US.linux-i686.tar.bz2,20100808032947,1.9.2.9pre,4c1a266168a6,mozilla-1.9.2
ftp.mozilla.org/pub/mozilla.org/firefox/nightly/2010/08/2010-08-09-03-mozilla-1.9.2/firefox-3.6.9pre.en-US.linux-i686.tar.bz2,20100809034436,1.9.2.9pre,4c1a266168a6,mozilla-1.9.2
ftp.mozilla.org/pub/mozilla.org/firefox/nightly/2010/08/2010-08-10-03-mozilla-1.9.2/firefox-3.6.9pre.en-US.linux-i686.tar.bz2,20100810033352,1.9.2.9pre,95e8deb0774b,mozilla-1.9.2
ftp.mozilla.org/pub/mozilla.org/firefox/nightly/2010/08/2010-08-11-03-mozilla-1.9.2/firefox-3.6.9pre.en-US.linux-i686.tar.bz2,20100811034619,1.9.2.9pre,cd8dde452873,mozilla-1.9.2
ftp.mozilla.org/pub/mozilla.org/firefox/nightly/2010/08/2010-08-12-03-mozilla-1.9.2/firefox-3.6.9pre.en-US.linux-i686.tar.bz2,20100812033016,1.9.2.9pre,25f0e9f9743c,mozilla-1.9.2
ftp.mozilla.org/pub/mozilla.org/firefox/nightly/2010/08/2010-08-13-03-mozilla-1.9.2/firefox-3.6.9pre.en-US.linux-i686.tar.bz2,20100813034025,1.9.2.9pre,dde129cb7505,mozilla-1.9.2
ftp.mozilla.org/pub/mozilla.org/firefox/nightly/2010/08/2010-08-14-03-mozilla-1.9.2/firefox-3.6.9pre.en-US.linux-i686.tar.bz2,20100814033832,1.9.2.9pre,02c086d3f933,mozilla-1.9.2
ftp.mozilla.org/pub/mozilla.org/firefox/nightly/2010/08/2010-08-15-03-mozilla-1.9.2/firefox-3.6.9pre.en-US.linux-i686.tar.bz2,20100815033805,1.9.2.9pre,02c086d3f933,mozilla-1.9.2
ftp.mozilla.org/pub/mozilla.org/firefox/nightly/2010/08/2010-08-16-03-mozilla-1.9.2/firefox-3.6.9pre.en-US.linux-i686.tar.bz2,20100816034326,1.9.2.9pre,02c086d3f933,mozilla-1.9.2
ftp.mozilla.org/pub/mozilla.org/firefox/nightly/2010/08/2010-08-17-03-mozilla-1.9.2/firefox-3.6.9pre.en-US.linux-i686.tar.bz2,20100817035916,1.9.2.9pre,fe2f80c3a6b6,mozilla-1.9.2
ftp.mozilla.org/pub/mozilla.org/firefox/nightly/2010/08/2010-08-18-04-mozilla-1.9.2/firefox-3.6.9pre.en-US.linux-i686.tar.bz2,20100818040518,1.9.2.9pre,cb079fb7300a,mozilla-1.9.2
ftp.mozilla.org/pub/mozilla.org/firefox/nightly/2010/08/2010-08-19-03-mozilla-1.9.2/firefox-3.6.9pre.en-US.linux-i686.tar.bz2,20100819032908,1.9.2.9pre,cb079fb7300a,mozilla-1.9.2
ftp.mozilla.org/pub/mozilla.org/firefox/nightly/2010/08/2010-08-20-03-mozilla-1.9.2/firefox-3.6.9pre.en-US.linux-i686.tar.bz2,20100820034127,1.9.2.9pre,cb079fb7300a,mozilla-1.9.2
ftp.mozilla.org/pub/mozilla.org/firefox/nightly/2010/08/2010-08-21-03-mozilla-1.9.2/firefox-3.6.9pre.en-US.linux-i686.tar.bz2,20100821034608,1.9.2.9pre,cb079fb7300a,mozilla-1.9.2
ftp.mozilla.org/pub/mozilla.org/firefox/nightly/2010/08/2010-08-22-03-mozilla-1.9.2/firefox-3.6.9pre.en-US.linux-i686.tar.bz2,20100822034125,1.9.2.9pre,7bcfe160efec,mozilla-1.9.2
ftp.mozilla.org/pub/mozilla.org/firefox/nightly/2010/08/2010-08-23-03-mozilla-1.9.2/firefox-3.6.9pre.en-US.linux-i686.tar.bz2,20100823034350,1.9.2.9pre,7bcfe160efec,mozilla-1.9.2
ftp.mozilla.org/pub/mozilla.org/firefox/nightly/2010/08/2010-08-24-03-mozilla-1.9.2/firefox-3.6.9pre.en-US.linux-i686.tar.bz2,20100824033742,1.9.2.9pre,7bcfe160efec,mozilla-1.9.2
ftp.mozilla.org/pub/mozilla.org/firefox/nightly/2010/08/2010-08-25-03-mozilla-1.9.2/firefox-3.6.10pre.en-US.linux-i686.tar.bz2,20100825032856,1.9.2.10pre,35c08876121e,mozilla-1.9.2
ftp.mozilla.org/pub/mozilla.org/firefox/nightly/2010/08/2010-08-26-03-mozilla-1.9.2/firefox-3.6.10pre.en-US.linux-i686.tar.bz2,20100826033013,1.9.2.10pre,35c08876121e,mozilla-1.9.2
ftp.mozilla.org/pub/mozilla.org/firefox/nightly/2010/08/2010-08-27-03-mozilla-1.9.2/firefox-3.6.10pre.en-US.linux-i686.tar.bz2,20100827033258,1.9.2.10pre,35c08876121e,mozilla-1.9.2
ftp.mozilla.org/pub/mozilla.org/firefox/nightly/2010/08/2010-08-28-03-mozilla-1.9.2/firefox-3.6.10pre.en-US.linux-i686.tar.bz2,20100828032916,1.9.2.10pre,fc024eb82e9e,mozilla-1.9.2
ftp.mozilla.org/pub/mozilla.org/firefox/nightly/2010/08/2010-08-29-03-mozilla-1.9.2/firefox-3.6.10pre.en-US.linux-i686.tar.bz2,20100829034149,1.9.2.10pre,fc024eb82e9e,mozilla-1.9.2
ftp.mozilla.org/pub/mozilla.org/firefox/nightly/2010/08/2010-08-30-03-mozilla-1.9.2/firefox-3.6.10pre.en-US.linux-i686.tar.bz2,20100830033610,1.9.2.10pre,fc024eb82e9e,mozilla-1.9.2
ftp.mozilla.org/pub/mozilla.org/firefox/nightly/2010/08/2010-08-31-03-mozilla-1.9.2/firefox-3.6.10pre.en-US.linux-i686.tar.bz2,20100831034658,1.9.2.10pre,a776a2590177,mozilla-1.9.2
ftp.mozilla.org/pub/mozilla.org/firefox/nightly/2010/09/2010-09-01-03-mozilla-1.9.2/firefox-3.6.10pre.en-US.linux-i686.tar.bz2,20100901033020,1.9.2.10pre,b2da18a3f256,mozilla-1.9.2
ftp.mozilla.org/pub/mozilla.org/firefox/nightly/2010/09/2010-09-02-03-mozilla-1.9.2/firefox-3.6.10pre.en-US.linux-i686.tar.bz2,20100902033601,1.9.2.10pre,b2da18a3f256,mozilla-1.9.2
ftp.mozilla.org/pub/mozilla.org/firefox/nightly/2010/09/2010-09-03-03-mozilla-1.9.2/firefox-3.6.10pre.en-US.linux-i686.tar.bz2,20100903034159,1.9.2.10pre,b2da18a3f256,mozilla-1.9.2
ftp.mozilla.org/pub/mozilla.org/firefox/nightly/2010/09/2010-09-04-03-mozilla-1.9.2/firefox-3.6.10pre.en-US.linux-i686.tar.bz2,20100904033956,1.9.2.10pre,b2da18a3f256,mozilla-1.9.2
ftp.mozilla.org/pub/mozilla.org/firefox/nightly/2010/09/2010-09-05-03-mozilla-1.9.2/firefox-3.6.10pre.en-US.linux-i686.tar.bz2,20100905032936,1.9.2.10pre,b2da18a3f256,mozilla-1.9.2
ftp.mozilla.org/pub/mozilla.org/firefox/nightly/2010/09/2010-09-06-03-mozilla-1.9.2/firefox-3.6.10pre.en-US.linux-i686.tar.bz2,20100906034631,1.9.2.10pre,b2da18a3f256,mozilla-1.9.2
ftp.mozilla.org/pub/mozilla.org/firefox/nightly/2010/09/2010-09-07-03-mozilla-1.9.2/firefox-3.6.10pre.en-US.linux-i686.tar.bz2,20100907032935,1.9.2.10pre,b2da18a3f256,mozilla-1.9.2
ftp.mozilla.org/pub/mozilla.org/firefox/nightly/2010/09/2010-09-08-04-mozilla-1.9.2/firefox-3.6.10pre.en-US.linux-i686.tar.bz2,20100908044616,1.9.2.10pre,e083b305df0c,mozilla-1.9.2
ftp.mozilla.org/pub/mozilla.org/firefox/nightly/2010/09/2010-09-09-03-mozilla-1.9.2/firefox-3.6.10pre.en-US.linux-i686.tar.bz2,20100909032928,1.9.2.10pre,9d4aa3b682a8,mozilla-1.9.2
ftp.mozilla.org/pub/mozilla.org/firefox/nightly/2010/09/2010-09-10-03-mozilla-1.9.2/firefox-3.6.10pre.en-US.linux-i686.tar.bz2,20100910032916,1.9.2.10pre,9d4aa3b682a8,mozilla-1.9.2
ftp.mozilla.org/pub/mozilla.org/firefox/nightly/2010/09/2010-09-11-03-mozilla-1.9.2/firefox-3.6.10pre.en-US.linux-i686.tar.bz2,20100911032932,1.9.2.10pre,8d2f5d3141c7,mozilla-1.9.2
ftp.mozilla.org/pub/mozilla.org/firefox/nightly/2010/09/2010-09-12-04-mozilla-1.9.2/firefox-3.6.10pre.en-US.linux-i686.tar.bz2,20100912040744,1.9.2.10pre,8d2f5d3141c7,mozilla-1.9.2
ftp.mozilla.org/pub/mozilla.org/firefox/nightly/2010/09/2010-09-13-03-mozilla-1.9.2/firefox-3.6.10pre.en-US.linux-i686.tar.bz2,20100913034247,1.9.2.10pre,8d2f5d3141c7,mozilla-1.9.2
ftp.mozilla.org/pub/mozilla.org/firefox/nightly/2010/09/2010-09-14-03-mozilla-1.9.2/firefox-3.6.10pre.en-US.linux-i686.tar.bz2,20100914034154,1.9.2.10pre,3e443cd66408,mozilla-1.9.2
ftp.mozilla.org/pub/mozilla.org/firefox/nightly/2010/09/2010-09-15-03-mozilla-1.9.2/firefox-3.6.10pre.en-US.linux-i686.tar.bz2,20100915035223,1.9.2.10pre,e78dfe8281d5,mozilla-1.9.2
ftp.mozilla.org/pub/mozilla.org/firefox/nightly/2010/09/2010-09-16-03-mozilla-1.9.2/firefox-3.6.11pre.en-US.linux-i686.tar.bz2,20100916032718,1.9.2.11pre,21470df85a8b,mozilla-1.9.2
ftp.mozilla.org/pub/mozilla.org/firefox/nightly/2010/09/2010-09-17-03-mozilla-1.9.2/firefox-3.6.11pre.en-US.linux-i686.tar.bz2,20100917032844,1.9.2.11pre,21470df85a8b,mozilla-1.9.2
ftp.mozilla.org/pub/mozilla.org/firefox/nightly/2010/09/2010-09-18-03-mozilla-1.9.2/firefox-3.6.11pre.en-US.linux-i686.tar.bz2,20100918034206,1.9.2.11pre,bc021a2ec6a9,mozilla-1.9.2
ftp.mozilla.org/pub/mozilla.org/firefox/nightly/2010/09/2010-09-19-03-mozilla-1.9.2/firefox-3.6.11pre.en-US.linux-i686.tar.bz2,20100919032711,1.9.2.11pre,bc021a2ec6a9,mozilla-1.9.2
ftp.mozilla.org/pub/mozilla.org/firefox/nightly/2010/09/2010-09-20-03-mozilla-1.9.2/firefox-3.6.11pre.en-US.linux-i686.tar.bz2,20100920034018,1.9.2.11pre,bc021a2ec6a9,mozilla-1.9.2
ftp.mozilla.org/pub/mozilla.org/firefox/nightly/2010/09/2010-09-21-03-mozilla-1.9.2/firefox-3.6.11pre.en-US.linux-i686.tar.bz2,20100921035823,1.9.2.11pre,c0c261de23ec,mozilla-1.9.2
ftp.mozilla.org/pub/mozilla.org/firefox/nightly/2010/09/2010-09-22-03-mozilla-1.9.2/firefox-3.6.11pre.en-US.linux-i686.tar.bz2,20100922032821,1.9.2.11pre,c0c261de23ec,mozilla-1.9.2
ftp.mozilla.org/pub/mozilla.org/firefox/nightly/2010/09/2010-09-24-03-mozilla-1.9.2/firefox-3.6.11pre.en-US.linux-i686.tar.bz2,20100924032819,1.9.2.11pre,55bad5ea82c9,mozilla-1.9.2
ftp.mozilla.org/pub/mozilla.org/firefox/nightly/2010/09/2010-09-25-03-mozilla-1.9.2/firefox-3.6.11pre.en-US.linux-i686.tar.bz2,20100925032818,1.9.2.11pre,7e02b0747e53,mozilla-1.9.2
ftp.mozilla.org/pub/mozilla.org/firefox/nightly/2010/09/2010-09-27-03-mozilla-1.9.2/firefox-3.6.11pre.en-US.linux-i686.tar.bz2,20100927032925,1.9.2.11pre,0af11917e5ed,mozilla-1.9.2
ftp.mozilla.org/pub/mozilla.org/firefox/nightly/2010/09/2010-09-28-03-mozilla-1.9.2/firefox-3.6.11pre.en-US.linux-i686.tar.bz2,20100928032747,1.9.2.11pre,95a205a82cb8,mozilla-1.9.2
ftp.mozilla.org/pub/mozilla.org/firefox/nightly/2010/09/2010-09-29-03-mozilla-1.9.2/firefox-3.6.11pre.en-US.linux-i686.tar.bz2,20100929033459,1.9.2.11pre,ea16213ee93e,mozilla-1.9.2
ftp.mozilla.org/pub/mozilla.org/firefox/nightly/2010/09/2010-09-30-03-mozilla-1.9.2/firefox-3.6.11pre.en-US.linux-i686.tar.bz2,20100930032806,1.9.2.11pre,620daaba9c3a,mozilla-1.9.2
ftp.mozilla.org/pub/mozilla.org/firefox/nightly/2010/10/2010-10-01-03-mozilla-1.9.2/firefox-3.6.12pre.en-US.linux-i686.tar.bz2,20101001033519,1.9.2.12pre,103b2f4aa61e,mozilla-1.9.2
ftp.mozilla.org/pub/mozilla.org/firefox/nightly/2010/10/2010-10-02-03-mozilla-1.9.2/firefox-3.6.12pre.en-US.linux-i686.tar.bz2,20101002033535,1.9.2.12pre,6c6d174cf345,mozilla-1.9.2
ftp.mozilla.org/pub/mozilla.org/firefox/nightly/2010/10/2010-10-03-03-mozilla-1.9.2/firefox-3.6.12pre.en-US.linux-i686.tar.bz2,20101003033550,1.9.2.12pre,6c6d174cf345,mozilla-1.9.2
ftp.mozilla.org/pub/mozilla.org/firefox/nightly/2010/10/2010-10-04-03-mozilla-1.9.2/firefox-3.6.12pre.en-US.linux-i686.tar.bz2,20101004033530,1.9.2.12pre,6c6d174cf345,mozilla-1.9.2
ftp.mozilla.org/pub/mozilla.org/firefox/nightly/2010/10/2010-10-05-03-mozilla-1.9.2/firefox-3.6.12pre.en-US.linux-i686.tar.bz2,20101005032356,1.9.2.12pre,334ef251eddd,mozilla-1.9.2
ftp.mozilla.org/pub/mozilla.org/firefox/nightly/2010/10/2010-10-06-03-mozilla-1.9.2/firefox-3.6.12pre.en-US.linux-i686.tar.bz2,20101006032414,1.9.2.12pre,334ef251eddd,mozilla-1.9.2
ftp.mozilla.org/pub/mozilla.org/firefox/nightly/2010/10/2010-10-07-03-mozilla-1.9.2/firefox-3.6.12pre.en-US.linux-i686.tar.bz2,20101007033523,1.9.2.12pre,334d3a965836,mozilla-1.9.2
ftp.mozilla.org/pub/mozilla.org/firefox/nightly/2010/10/2010-10-08-03-mozilla-1.9.2/firefox-3.6.12pre.en-US.linux-i686.tar.bz2,20101008033537,1.9.2.12pre,334d3a965836,mozilla-1.9.2
ftp.mozilla.org/pub/mozilla.org/firefox/nightly/2010/10/2010-10-09-03-mozilla-1.9.2/firefox-3.6.12pre.en-US.linux-i686.tar.bz2,20101009033529,1.9.2.12pre,334d3a965836,mozilla-1.9.2
ftp.mozilla.org/pub/mozilla.org/firefox/nightly/2010/10/2010-10-10-03-mozilla-1.9.2/firefox-3.6.12pre.en-US.linux-i686.tar.bz2,20101010032324,1.9.2.12pre,807ae106bc7e,mozilla-1.9.2
ftp.mozilla.org/pub/mozilla.org/firefox/nightly/2010/10/2010-10-11-03-mozilla-1.9.2/firefox-3.6.12pre.en-US.linux-i686.tar.bz2,20101011032859,1.9.2.12pre,852c39d4fed7,mozilla-1.9.2
ftp.mozilla.org/pub/mozilla.org/firefox/nightly/2010/10/2010-10-12-03-mozilla-1.9.2/firefox-3.6.12pre.en-US.linux-i686.tar.bz2,20101012032334,1.9.2.12pre,7023412fa93c,mozilla-1.9.2
ftp.mozilla.org/pub/mozilla.org/firefox/nightly/2010/10/2010-10-13-03-mozilla-1.9.2/firefox-3.6.12pre.en-US.linux-i686.tar.bz2,20101013033446,1.9.2.12pre,5bb0828aefe6,mozilla-1.9.2
ftp.mozilla.org/pub/mozilla.org/firefox/nightly/2010/10/2010-10-14-03-mozilla-1.9.2/firefox-3.6.12pre.en-US.linux-i686.tar.bz2,20101014032923,1.9.2.12pre,5bb0828aefe6,mozilla-1.9.2
ftp.mozilla.org/pub/mozilla.org/firefox/nightly/2010/10/2010-10-15-03-mozilla-1.9.2/firefox-3.6.12pre.en-US.linux-i686.tar.bz2,20101015033623,1.9.2.12pre,5bb0828aefe6,mozilla-1.9.2
ftp.mozilla.org/pub/mozilla.org/firefox/nightly/2010/10/2010-10-16-03-mozilla-1.9.2/firefox-3.6.12pre.en-US.linux-i686.tar.bz2,20101016032910,1.9.2.12pre,44ca54433b56,mozilla-1.9.2
ftp.mozilla.org/pub/mozilla.org/firefox/nightly/2010/10/2010-10-17-03-mozilla-1.9.2/firefox-3.6.12pre.en-US.linux-i686.tar.bz2,20101017032908,1.9.2.12pre,44ca54433b56,mozilla-1.9.2
ftp.mozilla.org/pub/mozilla.org/firefox/nightly/2010/10/2010-10-18-03-mozilla-1.9.2/firefox-3.6.12pre.en-US.linux-i686.tar.bz2,20101018035254,1.9.2.12pre,44ca54433b56,mozilla-1.9.2
ftp.mozilla.org/pub/mozilla.org/firefox/nightly/2010/10/2010-10-19-03-mozilla-1.9.2/firefox-3.6.12pre.en-US.linux-i686.tar.bz2,20101019033640,1.9.2.12pre,06e767ce03fa,mozilla-1.9.2
ftp.mozilla.org/pub/mozilla.org/firefox/nightly/2010/10/2010-10-20-03-mozilla-1.9.2/firefox-3.6.12pre.en-US.linux-i686.tar.bz2,20101020032817,1.9.2.12pre,c7a429d62c81,mozilla-1.9.2
ftp.mozilla.org/pub/mozilla.org/firefox/nightly/2010/10/2010-10-21-03-mozilla-1.9.2/firefox-3.6.12pre.en-US.linux-i686.tar.bz2,20101021032257,1.9.2.12pre,74e4421e0a30,mozilla-1.9.2
ftp.mozilla.org/pub/mozilla.org/firefox/nightly/2010/10/2010-10-22-03-mozilla-1.9.2/firefox-3.6.12pre.en-US.linux-i686.tar.bz2,20101022034150,1.9.2.12pre,74e4421e0a30,mozilla-1.9.2
ftp.mozilla.org/pub/mozilla.org/firefox/nightly/2010/10/2010-10-23-03-mozilla-1.9.2/firefox-3.6.12pre.en-US.linux-i686.tar.bz2,20101023033548,1.9.2.12pre,efdbf8cd90c1,mozilla-1.9.2
ftp.mozilla.org/pub/mozilla.org/firefox/nightly/2010/10/2010-10-24-03-mozilla-1.9.2/firefox-3.6.12pre.en-US.linux-i686.tar.bz2,20101024033707,1.9.2.12pre,2599ed882191,mozilla-1.9.2
ftp.mozilla.org/pub/mozilla.org/firefox/nightly/2010/10/2010-10-25-03-mozilla-1.9.2/firefox-3.6.12pre.en-US.linux-i686.tar.bz2,20101025033631,1.9.2.12pre,2599ed882191,mozilla-1.9.2
ftp.mozilla.org/pub/mozilla.org/firefox/nightly/2010/10/2010-10-26-03-mozilla-1.9.2/firefox-3.6.12pre.en-US.linux-i686.tar.bz2,20101026033136,1.9.2.12pre,8b515f27f430,mozilla-1.9.2
ftp.mozilla.org/pub/mozilla.org/firefox/nightly/2010/10/2010-10-27-03-mozilla-1.9.2/firefox-3.6.13pre.en-US.linux-i686.tar.bz2,20101027034634,1.9.2.13pre,5b942ca87e90,mozilla-1.9.2
ftp.mozilla.org/pub/mozilla.org/firefox/nightly/2010/10/2010-10-28-03-mozilla-1.9.2/firefox-3.6.13pre.en-US.linux-i686.tar.bz2,20101028034032,1.9.2.13pre,5b942ca87e90,mozilla-1.9.2
ftp.mozilla.org/pub/mozilla.org/firefox/nightly/2010/10/2010-10-29-03-mozilla-1.9.2/firefox-3.6.13pre.en-US.linux-i686.tar.bz2,20101029033110,1.9.2.13pre,5b942ca87e90,mozilla-1.9.2
ftp.mozilla.org/pub/mozilla.org/firefox/nightly/2010/10/2010-10-30-03-mozilla-1.9.2/firefox-3.6.13pre.en-US.linux-i686.tar.bz2,20101030033615,1.9.2.13pre,6c8d347bd822,mozilla-1.9.2
ftp.mozilla.org/pub/mozilla.org/firefox/nightly/2010/10/2010-10-31-03-mozilla-1.9.2/firefox-3.6.13pre.en-US.linux-i686.tar.bz2,20101031033046,1.9.2.13pre,6c8d347bd822,mozilla-1.9.2
ftp.mozilla.org/pub/mozilla.org/firefox/nightly/2010/11/2010-11-01-03-mozilla-1.9.2/firefox-3.6.13pre.en-US.linux-i686.tar.bz2,20101101034551,1.9.2.13pre,b3d441310e5c,mozilla-1.9.2
ftp.mozilla.org/pub/mozilla.org/firefox/nightly/2010/11/2010-11-02-03-mozilla-1.9.2/firefox-3.6.13pre.en-US.linux-i686.tar.bz2,20101102032812,1.9.2.13pre,b3d441310e5c,mozilla-1.9.2
ftp.mozilla.org/pub/mozilla.org/firefox/nightly/2010/11/2010-11-03-03-mozilla-1.9.2/firefox-3.6.13pre.en-US.linux-i686.tar.bz2,20101103033455,1.9.2.13pre,b3d441310e5c,mozilla-1.9.2
ftp.mozilla.org/pub/mozilla.org/firefox/nightly/2010/11/2010-11-04-03-mozilla-1.9.2/firefox-3.6.13pre.en-US.linux-i686.tar.bz2,20101104034224,1.9.2.13pre,5e157173397f,mozilla-1.9.2
ftp.mozilla.org/pub/mozilla.org/firefox/nightly/2010/11/2010-11-05-03-mozilla-1.9.2/firefox-3.6.13pre.en-US.linux-i686.tar.bz2,20101105032752,1.9.2.13pre,16afadc0d3ba,mozilla-1.9.2
ftp.mozilla.org/pub/mozilla.org/firefox/nightly/2010/11/2010-11-06-03-mozilla-1.9.2/firefox-3.6.13pre.en-US.linux-i686.tar.bz2,20101106033519,1.9.2.13pre,cc5b751b8be5,mozilla-1.9.2
ftp.mozilla.org/pub/mozilla.org/firefox/nightly/2010/11/2010-11-07-03-mozilla-1.9.2/firefox-3.6.13pre.en-US.linux-i686.tar.bz2,20101107034111,1.9.2.13pre,cc5b751b8be5,mozilla-1.9.2
ftp.mozilla.org/pub/mozilla.org/firefox/nightly/2010/11/2010-11-08-02-mozilla-1.9.2/firefox-3.6.13pre.en-US.linux-i686.tar.bz2,20101108022831,1.9.2.13pre,cc5b751b8be5,mozilla-1.9.2
ftp.mozilla.org/pub/mozilla.org/firefox/nightly/2010/11/2010-11-09-03-mozilla-1.9.2/firefox-3.6.13pre.en-US.linux-i686.tar.bz2,20101109033613,1.9.2.13pre,a2ba0dadb910,mozilla-1.9.2
ftp.mozilla.org/pub/mozilla.org/firefox/nightly/2010/11/2010-11-10-03-mozilla-1.9.2/firefox-3.6.13pre.en-US.linux-i686.tar.bz2,20101110033657,1.9.2.13pre,a2ba0dadb910,mozilla-1.9.2
ftp.mozilla.org/pub/mozilla.org/firefox/nightly/2010/11/2010-11-11-03-mozilla-1.9.2/firefox-3.6.13pre.en-US.linux-i686.tar.bz2,20101111032221,1.9.2.13pre,a2ba0dadb910,mozilla-1.9.2
ftp.mozilla.org/pub/mozilla.org/firefox/nightly/2010/11/2010-11-12-02-mozilla-1.9.2/firefox-3.6.13pre.en-US.linux-i686.tar.bz2,20101112022832,1.9.2.13pre,a2ba0dadb910,mozilla-1.9.2
ftp.mozilla.org/pub/mozilla.org/firefox/nightly/2010/11/2010-11-13-03-mozilla-1.9.2/firefox-3.6.13pre.en-US.linux-i686.tar.bz2,20101113033622,1.9.2.13pre,64cb7b04d78b,mozilla-1.9.2
ftp.mozilla.org/pub/mozilla.org/firefox/nightly/2010/11/2010-11-14-02-mozilla-1.9.2/firefox-3.6.13pre.en-US.linux-i686.tar.bz2,20101114022754,1.9.2.13pre,64cb7b04d78b,mozilla-1.9.2
ftp.mozilla.org/pub/mozilla.org/firefox/nightly/2010/11/2010-11-15-03-mozilla-1.9.2/firefox-3.6.13pre.en-US.linux-i686.tar.bz2,20101115032202,1.9.2.13pre,64cb7b04d78b,mozilla-1.9.2
ftp.mozilla.org/pub/mozilla.org/firefox/nightly/2010/11/2010-11-16-02-mozilla-1.9.2/firefox-3.6.13pre.en-US.linux-i686.tar.bz2,20101116022829,1.9.2.13pre,416d2cb3b5e8,mozilla-1.9.2
ftp.mozilla.org/pub/mozilla.org/firefox/nightly/2010/11/2010-11-17-03-mozilla-1.9.2/firefox-3.6.13pre.en-US.linux-i686.tar.bz2,20101117033635,1.9.2.13pre,28d98b480e3d,mozilla-1.9.2
ftp.mozilla.org/pub/mozilla.org/firefox/nightly/2010/11/2010-11-18-04-mozilla-1.9.2/firefox-3.6.13pre.en-US.linux-i686.tar.bz2,20101118042837,1.9.2.13pre,bd25c99ebb74,mozilla-1.9.2
ftp.mozilla.org/pub/mozilla.org/firefox/nightly/2010/11/2010-11-19-03-mozilla-1.9.2/firefox-3.6.13pre.en-US.linux-i686.tar.bz2,20101119033620,1.9.2.13pre,328b5bce7df4,mozilla-1.9.2
ftp.mozilla.org/pub/mozilla.org/firefox/nightly/2010/11/2010-11-20-03-mozilla-1.9.2/firefox-3.6.13pre.en-US.linux-i686.tar.bz2,20101120034133,1.9.2.13pre,328b5bce7df4,mozilla-1.9.2
ftp.mozilla.org/pub/mozilla.org/firefox/nightly/2010/11/2010-11-21-03-mozilla-1.9.2/firefox-3.6.13pre.en-US.linux-i686.tar.bz2,20101121033821,1.9.2.13pre,10fd22d17902,mozilla-1.9.2
ftp.mozilla.org/pub/mozilla.org/firefox/nightly/2010/11/2010-11-22-03-mozilla-1.9.2/firefox-3.6.13pre.en-US.linux-i686.tar.bz2,20101122033525,1.9.2.13pre,5d2cbf9c9669,mozilla-1.9.2
ftp.mozilla.org/pub/mozilla.org/firefox/nightly/2010/11/2010-11-23-03-mozilla-1.9.2/firefox-3.6.13pre.en-US.linux-i686.tar.bz2,20101123033725,1.9.2.13pre,3f47fec824f9,mozilla-1.9.2
ftp.mozilla.org/pub/mozilla.org/firefox/nightly/2010/11/2010-11-24-03-mozilla-1.9.2/firefox-3.6.14pre.en-US.linux-i686.tar.bz2,20101124033506,1.9.2.14pre,aa9371c6c23f,mozilla-1.9.2
ftp.mozilla.org/pub/mozilla.org/firefox/nightly/2010/11/2010-11-25-03-mozilla-1.9.2/firefox-3.6.14pre.en-US.linux-i686.tar.bz2,20101125033212,1.9.2.14pre,aa9371c6c23f,mozilla-1.9.2
ftp.mozilla.org/pub/mozilla.org/firefox/nightly/2010/11/2010-11-26-03-mozilla-1.9.2/firefox-3.6.14pre.en-US.linux-i686.tar.bz2,20101126033208,1.9.2.14pre,31e748ef110d,mozilla-1.9.2
ftp.mozilla.org/pub/mozilla.org/firefox/nightly/2010/11/2010-11-27-03-mozilla-1.9.2/firefox-3.6.14pre.en-US.linux-i686.tar.bz2,20101127033209,1.9.2.14pre,31e748ef110d,mozilla-1.9.2
ftp.mozilla.org/pub/mozilla.org/firefox/nightly/2010/11/2010-11-28-03-mozilla-1.9.2/firefox-3.6.14pre.en-US.linux-i686.tar.bz2,20101128033210,1.9.2.14pre,31e748ef110d,mozilla-1.9.2
ftp.mozilla.org/pub/mozilla.org/firefox/nightly/2010/11/2010-11-29-03-mozilla-1.9.2/firefox-3.6.14pre.en-US.linux-i686.tar.bz2,20101129033211,1.9.2.14pre,31e748ef110d,mozilla-1.9.2
ftp.mozilla.org/pub/mozilla.org/firefox/nightly/2010/11/2010-11-30-03-mozilla-1.9.2/firefox-3.6.14pre.en-US.linux-i686.tar.bz2,20101130033240,1.9.2.14pre,69e253891ca3,mozilla-1.9.2
ftp.mozilla.org/pub/mozilla.org/firefox/nightly/2010/12/2010-12-01-03-mozilla-1.9.2/firefox-3.6.13.en-US.linux-i686.tar.bz2,20101201033244,1.9.2.13,426f09f86038,mozilla-1.9.2
ftp.mozilla.org/pub/mozilla.org/firefox/nightly/2010/12/2010-12-02-03-mozilla-1.9.2/firefox-3.6.14pre.en-US.linux-i686.tar.bz2,20101202033206,1.9.2.14pre,7f500ea32c40,mozilla-1.9.2
ftp.mozilla.org/pub/mozilla.org/firefox/nightly/2010/12/2010-12-03-03-mozilla-1.9.2/firefox-3.6.14pre.en-US.linux-i686.tar.bz2,20101203033243,1.9.2.14pre,8a23f17697a7,mozilla-1.9.2
ftp.mozilla.org/pub/mozilla.org/firefox/nightly/2010/12/2010-12-04-03-mozilla-1.9.2/firefox-3.6.14pre.en-US.linux-i686.tar.bz2,20101204033218,1.9.2.14pre,64e1780f3dce,mozilla-1.9.2
ftp.mozilla.org/pub/mozilla.org/firefox/nightly/2010/12/2010-12-05-03-mozilla-1.9.2/firefox-3.6.14pre.en-US.linux-i686.tar.bz2,20101205033216,1.9.2.14pre,64e1780f3dce,mozilla-1.9.2
ftp.mozilla.org/pub/mozilla.org/firefox/nightly/2010/12/2010-12-06-03-mozilla-1.9.2/firefox-3.6.14pre.en-US.linux-i686.tar.bz2,20101206033254,1.9.2.14pre,64e1780f3dce,mozilla-1.9.2
ftp.mozilla.org/pub/mozilla.org/firefox/nightly/2010/12/2010-12-07-03-mozilla-1.9.2/firefox-3.6.14pre.en-US.linux-i686.tar.bz2,20101207033208,1.9.2.14pre,bdbe2b0b785f,mozilla-1.9.2
ftp.mozilla.org/pub/mozilla.org/firefox/nightly/2010/12/2010-12-08-03-mozilla-1.9.2/firefox-3.6.14pre.en-US.linux-i686.tar.bz2,20101208033300,1.9.2.14pre,f1ebb30ba752,mozilla-1.9.2
ftp.mozilla.org/pub/mozilla.org/firefox/nightly/2010/12/2010-12-09-03-mozilla-1.9.2/firefox-3.6.14pre.en-US.linux-i686.tar.bz2,20101209033259,1.9.2.14pre,6bc072d1c545,mozilla-1.9.2
ftp.mozilla.org/pub/mozilla.org/firefox/nightly/2010/12/2010-12-10-03-mozilla-1.9.2/firefox-3.6.14pre.en-US.linux-i686.tar.bz2,20101210033255,1.9.2.14pre,ae9e562f8237,mozilla-1.9.2
ftp.mozilla.org/pub/mozilla.org/firefox/nightly/2010/12/2010-12-11-03-mozilla-1.9.2/firefox-3.6.14pre.en-US.linux-i686.tar.bz2,20101211033247,1.9.2.14pre,c0ca8ded5eea,mozilla-1.9.2
ftp.mozilla.org/pub/mozilla.org/firefox/nightly/2010/12/2010-12-12-03-mozilla-1.9.2/firefox-3.6.14pre.en-US.linux-i686.tar.bz2,20101212033253,1.9.2.14pre,c0ca8ded5eea,mozilla-1.9.2
ftp.mozilla.org/pub/mozilla.org/firefox/nightly/2010/12/2010-12-13-03-mozilla-1.9.2/firefox-3.6.14pre.en-US.linux-i686.tar.bz2,20101213033254,1.9.2.14pre,51edb84f5830,mozilla-1.9.2
ftp.mozilla.org/pub/mozilla.org/firefox/nightly/2010/12/2010-12-14-03-mozilla-1.9.2/firefox-3.6.14pre.en-US.linux-i686.tar.bz2,20101214033211,1.9.2.14pre,049befb15069,mozilla-1.9.2
ftp.mozilla.org/pub/mozilla.org/firefox/nightly/2010/12/2010-12-15-03-mozilla-1.9.2/firefox-3.6.14pre.en-US.linux-i686.tar.bz2,20101215033249,1.9.2.14pre,0b38c0bb138d,mozilla-1.9.2
ftp.mozilla.org/pub/mozilla.org/firefox/nightly/2010/12/2010-12-16-03-mozilla-1.9.2/firefox-3.6.14pre.en-US.linux-i686.tar.bz2,20101216033317,1.9.2.14pre,0b38c0bb138d,mozilla-1.9.2
ftp.mozilla.org/pub/mozilla.org/firefox/nightly/2010/12/2010-12-17-03-mozilla-1.9.2/firefox-3.6.14pre.en-US.linux-i686.tar.bz2,20101217033251,1.9.2.14pre,0b38c0bb138d,mozilla-1.9.2
ftp.mozilla.org/pub/mozilla.org/firefox/nightly/2010/12/2010-12-18-03-mozilla-1.9.2/firefox-3.6.14pre.en-US.linux-i686.tar.bz2,20101218033207,1.9.2.14pre,a86d079b0514,mozilla-1.9.2
ftp.mozilla.org/pub/mozilla.org/firefox/nightly/2010/12/2010-12-19-03-mozilla-1.9.2/firefox-3.6.14pre.en-US.linux-i686.tar.bz2,20101219033210,1.9.2.14pre,a86d079b0514,mozilla-1.9.2
ftp.mozilla.org/pub/mozilla.org/firefox/nightly/2010/12/2010-12-20-03-mozilla-1.9.2/firefox-3.6.14pre.en-US.linux-i686.tar.bz2,20101220033208,1.9.2.14pre,a86d079b0514,mozilla-1.9.2
ftp.mozilla.org/pub/mozilla.org/firefox/nightly/2010/12/2010-12-21-03-mozilla-1.9.2/firefox-3.6.14pre.en-US.linux-i686.tar.bz2,20101221033213,1.9.2.14pre,a86d079b0514,mozilla-1.9.2
ftp.mozilla.org/pub/mozilla.org/firefox/nightly/2010/12/2010-12-22-03-mozilla-1.9.2/firefox-3.6.14pre.en-US.linux-i686.tar.bz2,20101222033211,1.9.2.14pre,dfad864f20a0,mozilla-1.9.2
ftp.mozilla.org/pub/mozilla.org/firefox/nightly/2010/12/2010-12-23-03-mozilla-1.9.2/firefox-3.6.14pre.en-US.linux-i686.tar.bz2,20101223033214,1.9.2.14pre,17e93767af48,mozilla-1.9.2
ftp.mozilla.org/pub/mozilla.org/firefox/nightly/2010/12/2010-12-24-03-mozilla-1.9.2/firefox-3.6.14pre.en-US.linux-i686.tar.bz2,20101224033209,1.9.2.14pre,17e93767af48,mozilla-1.9.2
ftp.mozilla.org/pub/mozilla.org/firefox/nightly/2010/12/2010-12-25-03-mozilla-1.9.2/firefox-3.6.14pre.en-US.linux-i686.tar.bz2,20101225033254,1.9.2.14pre,17e93767af48,mozilla-1.9.2
ftp.mozilla.org/pub/mozilla.org/firefox/nightly/2010/12/2010-12-26-03-mozilla-1.9.2/firefox-3.6.14pre.en-US.linux-i686.tar.bz2,20101226033307,1.9.2.14pre,17e93767af48,mozilla-1.9.2
ftp.mozilla.org/pub/mozilla.org/firefox/nightly/2010/12/2010-12-27-03-mozilla-1.9.2/firefox-3.6.14pre.en-US.linux-i686.tar.bz2,20101227033307,1.9.2.14pre,fd40740804fe,mozilla-1.9.2
ftp.mozilla.org/pub/mozilla.org/firefox/nightly/2010/12/2010-12-28-03-mozilla-1.9.2/firefox-3.6.14pre.en-US.linux-i686.tar.bz2,20101228033337,1.9.2.14pre,a2ae8b0e65ee,mozilla-1.9.2
ftp.mozilla.org/pub/mozilla.org/firefox/nightly/2010/12/2010-12-29-03-mozilla-1.9.2/firefox-3.6.14pre.en-US.linux-i686.tar.bz2,20101229033313,1.9.2.14pre,a2ae8b0e65ee,mozilla-1.9.2
ftp.mozilla.org/pub/mozilla.org/firefox/nightly/2010/12/2010-12-30-03-mozilla-1.9.2/firefox-3.6.14pre.en-US.linux-i686.tar.bz2,20101230033301,1.9.2.14pre,4de0968e31a1,mozilla-1.9.2
ftp.mozilla.org/pub/mozilla.org/firefox/nightly/2010/12/2010-12-31-03-mozilla-1.9.2/firefox-3.6.14pre.en-US.linux-i686.tar.bz2,20101231033215,1.9.2.14pre,7f6049187692,mozilla-1.9.2
